ISIN,UCITS, UCITS KIID Ongoing Charge,UCITS KIID Ongoing Charge Date
AU0000044828,,,
AU0000169229,,,
AU0000209348,,,
AU0000254278,,,
AU60ETL01863,,,
AU60ETL03315,,,
AU60HGI17949,,,
AU60HGI34266,,,
AU60HGI37475,,,
AU60HGI41881,,,
AU60HGI46484,,,
AU60HGI54686,,,
AU60HGI59909,,,
AU60HGI71276,,,
AU60HGI84469,,,
AU60HOW00528,,,
AU60HOW01658,,,
AU60HOW55043,,,
AU60HOW87434,,,
AU60IOF00463,,,
AU60IOF00471,,,
AU60IOF01115,,,
AU60IOF01131,,,
AU60IOF01271,,,
AU60IOF01412,,,
AU60IOF01453,,,
GB0001397008,Yes,,
GB0001920486,Yes,1.33,2024-07-31 00:00:00
GB0001990497,No,,
GB0002398047,Yes,,
GB0002540127,No,1.96,2024-02-12 00:00:00
GB0002643673,Yes,,
GB0002703972,Yes,,
GB0002725421,No,1.98,2024-02-12 00:00:00
GB0002762101,Yes,,
GB0002794682,Yes,,
GB0002796067,Yes,,
GB0003222873,Yes,,
GB0003232138,Yes,,
GB0003243465,Yes,1.52,2024-02-12 00:00:00
GB0003486148,Yes,,
GB0004209762,Yes,,
GB0004210323,Yes,,
GB0004210760,No,,
GB0004213228,Yes,,
GB0004213442,Yes,,
GB0004213772,No,,
GB0004216239,Yes,,
GB0004218169,Yes,,
GB0004489455,Yes,0.29,2024-04-10 00:00:00
GB0005006183,Yes,,
GB0005027221,Yes,1.65,2024-03-20 00:00:00
GB0005027338,Yes,1.68,2024-07-31 00:00:00
GB0005030043,Yes,0.85,2024-03-20 00:00:00
GB0005030373,Yes,0.85,2024-07-31 00:00:00
GB0005211817,Yes,,
GB0006155450,No,,
GB0006155674,No,,
GB0007017907,Yes,1.14,2024-02-12 00:00:00
GB0007018194,Yes,1.73,2024-07-31 00:00:00
GB0007033870,Yes,1.14,2024-02-12 00:00:00
GB0007447286,Yes,1.73,2024-03-20 00:00:00
GB0007447625,Yes,0.85,2024-03-20 00:00:00
GB0007451072,Yes,0.88,2024-02-12 00:00:00
GB0007451965,Yes,0.49,2024-02-12 00:00:00
GB0007452377,Yes,0.49,2024-02-12 00:00:00
GB0007476087,Yes,1.69,2024-03-20 00:00:00
GB0007476426,Yes,0.89,2024-03-20 00:00:00
GB0007493033,Yes,1.68,2024-03-20 00:00:00
GB0007493470,Yes,0.88,2024-03-20 00:00:00
GB0007494221,Yes,0.88,2024-03-20 00:00:00
GB0007495293,Yes,1.33,2024-07-31 00:00:00
GB0007502080,Yes,0.7,2024-02-12 00:00:00
GB0007533820,Yes,0.7,2024-07-31 00:00:00
GB0007673055,Yes,0.93,2024-02-12 00:00:00
GB0007674244,Yes,0.54,2024-02-12 00:00:00
GB0007674467,Yes,0.54,2024-02-12 00:00:00
GB0007680183,Yes,1.77,2024-03-20 00:00:00
GB0007681603,Yes,0.89,2024-03-20 00:00:00
GB0007683203,Yes,1.74,2024-02-12 00:00:00
GB0007685026,Yes,0.86,2024-02-12 00:00:00
GB0007698847,Yes,1.65,2024-03-20 00:00:00
GB0007716078,Yes,0.88,2024-03-20 00:00:00
GB0008058074,No,,
GB0008063942,Yes,,
GB0008068446,Yes,,
GB0008088170,Yes,,
GB0008088394,Yes,,
GB0008089251,Yes,,
GB0008089368,Yes,,
GB0008106527,Yes,,
GB0008109208,Yes,,
GB0008110644,Yes,,
GB0008112467,Yes,,
GB0008127119,Yes,,
GB0008136391,Yes,,
GB0008158734,Yes,,
GB0008160250,Yes,,
GB0008160706,Yes,,
GB0008160813,Yes,,
GB0008165531,Yes,,
GB0008165861,Yes,,
GB0008446956,Yes,,
GB0009065060,No,,
GB0009580571,No,,
GB0009604389,Yes,,
GB0009665448,Yes,,
GB0009732768,Yes,,
GB0009749127,Yes,,
GB0009751644,Yes,,
GB0030164460,Yes,,
GB0030388820,Yes,,
GB0030388937,Yes,,
GB0030617699,Yes,0.88,2024-03-20 00:00:00
GB0030617707,Yes,1.65,2024-03-20 00:00:00
GB0030714900,Yes,,
GB0030715089,Yes,,
GB0030956832,Yes,0.85,2024-03-20 00:00:00
GB0030956949,Yes,1.73,2024-03-20 00:00:00
GB0030997042,Yes,,
GB0030997158,Yes,,
GB0031034902,Yes,,
GB0031053118,Yes,,
GB0031108763,Yes,,
GB0031109514,Yes,,
GB0031250524,Yes,1.68,2024-03-20 00:00:00
GB0031252678,Yes,,
GB0031252785,Yes,,
GB0031263899,Yes,0.85,2024-02-12 00:00:00
GB0031412744,No,2.02,2024-02-12 00:00:00
GB0031412850,No,2.02,2024-02-12 00:00:00
GB0031412967,No,2.02,2024-02-12 00:00:00
GB0031413049,No,2.02,2024-02-12 00:00:00
GB0031413593,No,2.06,2024-02-12 00:00:00
GB0031429219,No,,
GB0031731259,Yes,,
GB0031833402,Yes,1.73,2024-02-12 00:00:00
GB0031860595,Yes,1.74,2024-02-12 00:00:00
GB0031860934,Yes,1.75,2024-02-12 00:00:00
GB0031861015,Yes,1.85,2024-02-12 00:00:00
GB0031919235,Yes,0.83,2024-02-12 00:00:00
GB0031919342,Yes,1.74,2024-02-12 00:00:00
GB0032046509,Yes,,
GB0032046616,Yes,,
GB0032049289,Yes,,
GB0032049396,Yes,,
GB0032209792,Yes,,
GB0032332784,Yes,,
GB0032377201,No,,
GB0032381765,Yes,,
GB0032385857,Yes,,
GB0032437948,Yes,1.65,2024-07-31 00:00:00
GB0032438466,Yes,1.65,2024-04-10 00:00:00
GB0032473653,Yes,0.88,2024-07-31 00:00:00
GB0032477308,Yes,1.4,2024-07-31 00:00:00
GB0032477522,Yes,0.57,2024-07-31 00:00:00
GB0032477639,Yes,1.4,2024-07-31 00:00:00
GB0032556929,Yes,,
GB0032557000,Yes,,
GB0032653676,Yes,,
GB0032653890,Yes,,
GB0032653908,Yes,,
GB0032733262,Yes,,
GB0033169425,Yes,,
GB0033169755,Yes,,
GB0033169862,Yes,,
GB0033189373,Yes,,
GB0033326587,Yes,,
GB0033326702,Yes,,
GB0033328526,Yes,,
GB0033328963,Yes,,
GB0033330712,Yes,,
GB0033330829,Yes,,
GB0033331017,Yes,,
GB0033331231,Yes,,
GB0033331678,Yes,,
GB0033332080,Yes,,
GB0033365312,Yes,,
GB0033514828,Yes,0.02,2024-02-12 00:00:00
GB0033515122,Yes,0.04,2024-02-12 00:00:00
GB0033681031,Yes,0.07,2024-02-12 00:00:00
GB0033777896,Yes,,
GB0033822007,Yes,,
GB0033822999,Yes,,
GB0033840132,Yes,,
GB0033973560,Yes,,
GB0033997940,Yes,,
GB0033998021,Yes,,
GB0033998138,Yes,,
GB0034021427,Yes,,
GB0034021534,Yes,,
GB0034021641,Yes,,
GB0034219328,Yes,0.07,2024-02-12 00:00:00
GB0034219435,Yes,1.73,2024-02-12 00:00:00
GB0034219658,Yes,0.07,2024-07-31 00:00:00
GB0034219989,Yes,0.07,2024-02-12 00:00:00
GB0034276286,Yes,0.68,2024-02-12 00:00:00
GB00B00K2P80,Yes,0.41,2024-03-20 00:00:00
GB00B00K2Q97,Yes,0.37,2024-02-12 00:00:00
GB00B00K2R05,Yes,0.07,2024-02-12 00:00:00
GB00B00K2Z88,Yes,0.37,2024-03-20 00:00:00
GB00B00K3006,Yes,0.33,2024-02-12 00:00:00
GB00B00K3113,Yes,0.03,2024-02-12 00:00:00
GB00B01RTS09,Yes,,
GB00B01T1F74,Yes,,
GB00B01T1G81,Yes,,
GB00B01T2Q54,Yes,,
GB00B020H958,Yes,0.07,2024-02-12 00:00:00
GB00B02W2291,No,1.67,2024-03-20 00:00:00
GB00B02ZBV03,Yes,0.57,2024-03-20 00:00:00
GB00B02ZBX27,Yes,0.35,2024-03-20 00:00:00
GB00B03TNM64,Yes,0.04,2024-02-12 00:00:00
GB00B03TPL97,Yes,0.04,2024-02-12 00:00:00
GB00B03WSZ36,Yes,,
GB00B046PC03,Yes,,
GB00B046PF34,Yes,,
GB00B068CD42,Yes,,
GB00B06CPG09,Yes,,
GB00B06G4Z40,No,,
GB00B06G5068,No,,
GB00B06G5514,No,,
GB00B06G5515,No,,
GB00B06G8Q39,No,,
GB00B06G8R46,No,,
GB00B06G8S52,No,,
GB00B06L7J47,Yes,0.07,2024-02-12 00:00:00
GB00B06LCP51,Yes,,
GB00B06T5279,No,,
GB00B06T5386,No,,
GB00B06T5493,No,,
GB00B06T5501,No,,
GB00B06T5618,No,,
GB00B06T5725,No,,
GB00B0C3X746,Yes,,
GB00B0C6K167,Yes,,
GB00B0C9GW89,Yes,,
GB00B0D09R62,Yes,0.32,2024-02-12 00:00:00
GB00B0H34Y35,Yes,,
GB00B0H53J71,Yes,,
GB00B0HZFB34,Yes,,
GB00B0JYQW68,Yes,0.04,2024-07-31 00:00:00
GB00B0K9KH36,Yes,,
GB00B0K9N298,Yes,,
GB00B0K9VW59,Yes,,
GB00B0K9XZ21,Yes,,
GB00B0LBR663,Yes,,
GB00B0LL7Q68,Yes,,
GB00B0LMB672,No,,
GB00B0LYSF14,Yes,0.33,2024-02-12 00:00:00
GB00B0LYSG21,Yes,0.03,2024-02-12 00:00:00
GB00B0LYSH38,Yes,0.68,2024-03-20 00:00:00
GB00B0LZBB16,Yes,0.37,2024-03-20 00:00:00
GB00B0MM5X18,Yes,,
GB00B0MM9F16,Yes,,
GB00B0N31573,No,,
GB00B0P42H77,Yes,,
GB00B0P7Y922,Yes,,
GB00B0PG4T93,No,,
GB00B0PKSC27,Yes,,
GB00B0YVM244,Yes,,
GB00B0YVM467,Yes,,
GB00B0YVNT86,Yes,,
GB00B0Z1MP63,Yes,,
GB00B0Z53118,Yes,,
GB00B0ZDNH16,Yes,,
GB00B0ZGLT86,Yes,,
GB00B0ZGMC84,Yes,,
GB00B0ZGMF16,Yes,,
GB00B0ZKHN66,Yes,,
GB00B0ZL9T97,Yes,,
GB00B0ZL9V10,Yes,,
GB00B0ZLB823,Yes,,
GB00B0ZLB930,Yes,,
GB00B0ZLCP68,Yes,,
GB00B0ZLCQ75,Yes,,
GB00B0ZLFF75,Yes,,
GB00B0ZY6B93,Yes,,
GB00B10QS005,No,,
GB00B10QS336,No,,
GB00B10QS559,Yes,,
GB00B11PYN15,Yes,,
GB00B11Q0P86,Yes,,
GB00B11Q0R01,Yes,,
GB00B11TDF81,Yes,,
GB00B11TDH06,Yes,,
GB00B11XYG89,Yes,,
GB00B13ZX323,Yes,,
GB00B13ZY511,Yes,,
GB00B1438639,No,,
GB00B1442M04,No,,
GB00B1443T48,No,,
GB00B17KPM65,Yes,,
GB00B17M7824,Yes,,
GB00B17M7931,No,,
GB00B1809L28,No,,
GB00B19FLZ44,No,1.74,2024-02-12 00:00:00
GB00B1CKQF12,Yes,1.74,2024-02-12 00:00:00
GB00B1CKS446,Yes,1.74,2024-02-12 00:00:00
GB00B1FR8Q49,Yes,,
GB00B1FR8R55,Yes,,
GB00B1FR8S62,Yes,,
GB00B1FR8T79,Yes,,
GB00B1GC6T71,Yes,,
GB00B1GJNX12,Yes,1.64,2024-02-12 00:00:00
GB00B1GK1M92,Yes,,
GB00B1J11W98,Yes,,
GB00B1J11Y13,Yes,,
GB00B1J2ST80,Yes,,
GB00B1J2SW10,Yes,,
GB00B1J2SY34,Yes,,
GB00B1J2T060,Yes,,
GB00B1J2TC88,Yes,,
GB00B1J2TF10,Yes,,
GB00B1J36081,Yes,,
GB00B1J36206,Yes,,
GB00B1J36420,Yes,,
GB00B1J36750,Yes,,
GB00B1J36974,Yes,,
GB00B1J36C02,Yes,,
GB00B1L74484,Yes,0.84,2024-02-12 00:00:00
GB00B1VGDC62,Yes,,
GB00B1VGDD79,Yes,,
GB00B1WMPS38,Yes,,
GB00B1WMPT45,Yes,,
GB00B1WMPV66,Yes,,
GB00B1WPDJ97,Yes,0.78,2024-02-12 00:00:00
GB00B1WSC029,Yes,0.78,2024-02-12 00:00:00
GB00B1WSC573,Yes,0.08,2024-02-12 00:00:00
GB00B1WT7003,Yes,,
GB00B1WT7110,Yes,,
GB00B1WT7334,Yes,,
GB00B1WT7441,Yes,,
GB00B1WTK343,Yes,,
GB00B1WTK566,Yes,,
GB00B24CM439,Yes,,
GB00B24CMX25,Yes,,
GB00B28THS91,Yes,,
GB00B29Y5T00,Yes,,
GB00B29ZLW82,Yes,,
GB00B29ZM140,Yes,,
GB00B2QG5Q65,Yes,,
GB00B2QG5T96,Yes,,
GB00B2QG5V19,Yes,,
GB00B2RKL926,Yes,,
GB00B2RKLB47,Yes,,
GB00B2RKLC53,Yes,,
GB00B2RKLD60,Yes,,
GB00B2RKLF84,Yes,,
GB00B2RKLG91,Yes,,
GB00B2RKSM47,Yes,,
GB00B2RKT549,Yes,,
GB00B2RKTR66,Yes,,
GB00B3B4JF96,Yes,0.85,2024-04-10 00:00:00
GB00B3BDK198,Yes,,
GB00B3BDK206,Yes,,
GB00B3BDK420,Yes,,
GB00B3BDK537,Yes,,
GB00B3BDK974,Yes,,
GB00B3BDKB93,Yes,,
GB00B3BDPL47,No,,
GB00B3BDPM53,No,,
GB00B3BDPP84,Yes,,
GB00B3BDPQ91,Yes,,
GB00B3BDPR09,Yes,,
GB00B3BDPS16,Yes,,
GB00B3BDPT23,Yes,,
GB00B3BDPW51,Yes,,
GB00B3BDQ773,Yes,,
GB00B3BDQ997,Yes,,
GB00B3BDQD38,Yes,,
GB00B3BDQF51,Yes,,
GB00B3CLNL30,Yes,,
GB00B3CLNM47,Yes,,
GB00B3CPX151,Yes,1.76,2024-04-10 00:00:00
GB00B3CPX375,Yes,0.91,2024-04-10 00:00:00
GB00B3CT7K45,Yes,,
GB00B3D49X55,Yes,,
GB00B3DBGZ75,Yes,,
GB00B3DBH095,Yes,,
GB00B3DBH541,Yes,,
GB00B3DYKR64,Yes,0.58,2024-07-31 00:00:00
GB00B3FG3931,Yes,,
GB00B3FG3B57,Yes,,
GB00B3K5YN63,Yes,,
GB00B3K61166,Yes,,
GB00B3K61612,Yes,,
GB00B3KN5S29,Yes,,
GB00B3KN5V57,Yes,,
GB00B3KN5W64,Yes,,
GB00B3KN5X71,Yes,,
GB00B3KN6011,Yes,,
GB00B3KN6235,Yes,,
GB00B3KN8835,No,,
GB00B3KN8942,No,,
GB00B3KN8B66,Yes,,
GB00B3KN8D80,Yes,,
GB00B3KN8F05,Yes,,
GB00B3KN8M71,Yes,,
GB00B3KN8N88,Yes,,
GB00B3L49Y88,Yes,,
GB00B3L4B084,Yes,,
GB00B3L4C611,Yes,,
GB00B3L4CB62,Yes,,
GB00B3L4KS97,Yes,,
GB00B3LLF521,Yes,,
GB00B3M8NG92,Yes,,
GB00B3MLZ956,Yes,,
GB00B3MX6Y33,No,1.67,2024-03-20 00:00:00
GB00B3NBHQ57,No,,
GB00B3PHCS86,No,,
GB00B3PJPM93,No,1.71,2024-05-21 00:00:00
GB00B3QGT273,No,,
GB00B3QVWG79,No,,
GB00B3QXJQ23,Yes,,
GB00B3QXM638,Yes,,
GB00B3R26X49,Yes,,
GB00B3RDF749,Yes,,
GB00B3RT4203,Yes,,
GB00B3T32044,Yes,,
GB00B3T38Z17,No,,
GB00B3TTQV12,Yes,,
GB00B3TVDV62,No,,
GB00B3VCWF43,Yes,,
GB00B3VDZ582,Yes,,
GB00B3VN2918,Yes,,
GB00B3VZC642,Yes,1.68,2024-03-20 00:00:00
GB00B3WR1X97,Yes,,
GB00B3X5HP65,No,,
GB00B3XNRK55,No,,
GB00B3Z2J374,No,,
GB00B3ZRDK71,Yes,,
GB00B4078N73,Yes,,
GB00B409PD29,Yes,0.88,2024-02-12 00:00:00
GB00B412VB02,Yes,0.88,2024-07-31 00:00:00
GB00B41FZF10,Yes,0.57,2024-02-12 00:00:00
GB00B42TCM86,Yes,,
GB00B42VM571,Yes,,
GB00B43H2T82,Yes,,
GB00B43L0521,Yes,,
GB00B44F5L48,Yes,,
GB00B45GW269,No,,
GB00B45XDC47,No,,
GB00B463T369,No,,
GB00B463Y203,Yes,1.68,2024-03-20 00:00:00
GB00B4JTJZ34,Yes,0.69,2024-03-20 00:00:00
GB00B4JVJS21,Yes,,
GB00B4JVX467,Yes,1.74,2024-02-12 00:00:00
GB00B4K8Z514,Yes,,
GB00B4KNFV27,Yes,,
GB00B4KPTR25,No,,
GB00B4KX5S91,Yes,0.36,2024-02-12 00:00:00
GB00B4KXCG68,No,1.96,2024-02-12 00:00:00
GB00B4LMJ388,Yes,0.88,2024-03-20 00:00:00
GB00B4MTJQ14,Yes,,
GB00B4N77D77,Yes,0.61,2024-02-12 00:00:00
GB00B4P4R697,Yes,0.76,2024-07-31 00:00:00
GB00B4QHVK97,Yes,,
GB00B4R56V84,Yes,,
GB00B4VL7421,Yes,,
GB00B4W1D983,Yes,,
GB00B4W6RH96,Yes,,
GB00B4WKBT16,No,,
GB00B4X2C594,No,1.67,2024-03-20 00:00:00
GB00B4Y1C447,Yes,1.64,2024-02-12 00:00:00
GB00B4YXVT80,Yes,1.09,2024-07-31 00:00:00
GB00B50VN861,Yes,,
GB00B51L3292,No,1.51,2024-02-12 00:00:00
GB00B51R9749,Yes,,
GB00B51RN495,Yes,,
GB00B51Z2Z71,Yes,,
GB00B51Z5812,Yes,,
GB00B529JB32,Yes,,
GB00B54J0L85,Yes,0.86,2024-02-12 00:00:00
GB00B5681Y35,Yes,,
GB00B56X7V74,Yes,,
GB00B56ZXF93,Yes,,
GB00B575TL64,Yes,,
GB00B57LBZ25,No,1.52,2024-02-12 00:00:00
GB00B58P5X92,Yes,,
GB00B58RLX77,Yes,1.52,2024-02-12 00:00:00
GB00B58YK641,Yes,,
GB00B590KM71,Yes,,
GB00B5BMZS29,Yes,,
GB00B5BT8739,No,,
GB00B5BTGN53,Yes,1.4,2024-07-31 00:00:00
GB00B5KKCS68,Yes,1.68,2024-07-31 00:00:00
GB00B5KKCX12,Yes,1.07,2024-07-31 00:00:00
GB00B5KTVV95,Yes,0.04,2024-07-31 00:00:00
GB00B5LN5X09,Yes,,
GB00B5LZWD55,Yes,,
GB00B5P5Y137,No,,
GB00B5PDYZ18,No,,
GB00B5SMF529,Yes,,
GB00B5T7PM36,Yes,0.87,2024-07-31 00:00:00
GB00B5TPWM66,Yes,0.9,2024-02-12 00:00:00
GB00B5TWYJ86,No,,
GB00B5VYGQ34,Yes,0.82,2024-02-12 00:00:00
GB00B5W3L866,Yes,,
GB00B5WBM546,Yes,,
GB00B5WGH651,No,2.05,2024-02-12 00:00:00
GB00B60F5Q72,No,,
GB00B60J6553,No,,
GB00B60W8701,Yes,,
GB00B60XBX02,Yes,,
GB00B60YHT19,Yes,,
GB00B60Z0952,Yes,,
GB00B60ZX639,Yes,,
GB00B6135H10,Yes,,
GB00B6193536,Yes,0.89,2024-02-12 00:00:00
GB00B61H3Z77,No,0.21,2024-02-12 00:00:00
GB00B62HVR46,Yes,1.31,2024-07-31 00:00:00
GB00B62SGY92,Yes,0.89,2024-02-12 00:00:00
GB00B633V157,Yes,,
GB00B63CMG44,No,0.66,2024-02-12 00:00:00
GB00B63GZ232,Yes,,
GB00B65W2K67,Yes,,
GB00B6715Q82,Yes,0.57,2024-02-12 00:00:00
GB00B67PDX37,No,,
GB00B68P2C40,Yes,,
GB00B68P3547,Yes,,
GB00B68SFJ13,Yes,0.86,2024-07-31 00:00:00
GB00B68V5Y56,Yes,,
GB00B6RQV980,Yes,0.07,2024-02-12 00:00:00
GB00B6RRQ855,Yes,0.07,2024-02-12 00:00:00
GB00B6RRQB82,Yes,0.07,2024-02-12 00:00:00
GB00B6SWKM12,Yes,,
GB00B6TX3022,Yes,1.48,2024-02-12 00:00:00
GB00B6XY7V09,Yes,0.56,2024-02-12 00:00:00
GB00B6YWFD12,Yes,,
GB00B6ZHN203,Yes,0.76,2024-07-31 00:00:00
GB00B7167P92,Yes,,
GB00B716PN33,No,1.63,2024-02-12 00:00:00
GB00B71DPP64,Yes,0.85,2024-03-20 00:00:00
GB00B739TP06,No,,
GB00B74TXK27,No,1.51,2024-02-12 00:00:00
GB00B75D7782,Yes,,
GB00B77CSM51,Yes,,
GB00B79BVS75,No,1.63,2024-02-12 00:00:00
GB00B7BX6S68,Yes,1.33,2024-07-31 00:00:00
GB00B7FFY956,Yes,,
GB00B7FNQ261,Yes,,
GB00B7GSYN71,Yes,0.7,2024-02-12 00:00:00
GB00B7GZWL27,Yes,,
GB00B7JBM739,Yes,,
GB00B7JZZK97,No,1.19,2024-02-12 00:00:00
GB00B7KYJH09,Yes,1.73,2024-02-12 00:00:00
GB00B7M85J46,No,0.69,2024-03-20 00:00:00
GB00B7MM5299,No,1.63,2024-02-12 00:00:00
GB00B7N1FP89,No,1.51,2024-02-12 00:00:00
GB00B7N7P453,Yes,,
GB00B7NHVR09,Yes,,
GB00B7PVFH84,No,,
GB00B7S7MS31,Yes,,
GB00B7S8R478,No,,
GB00B7V7B727,Yes,,
GB00B7VD8806,No,,
GB00B7VD9Z41,No,,
GB00B7W08J14,Yes,,
GB00B7YR0M72,No,0.68,2024-03-20 00:00:00
GB00B8113P38,No,0.96,2024-03-20 00:00:00
GB00B818S598,Yes,,
GB00B8289886,No,0.69,2024-03-20 00:00:00
GB00B833F396,No,,
GB00B83JY963,Yes,,
GB00B83MQQ67,Yes,,
GB00B83N9J32,Yes,,
GB00B83VFR76,No,1.17,2024-07-12 00:00:00
GB00B83WB618,Yes,,
GB00B84M8M53,No,,
GB00B85RDT13,Yes,,
GB00B87K9900,No,1.14,2024-02-12 00:00:00
GB00B87M3G18,Yes,0.96,2024-02-12 00:00:00
GB00B87TDF15,No,,
GB00B886PJ90,Yes,,
GB00B88HSJ33,No,1.13,2024-02-12 00:00:00
GB00B88P7D42,Yes,,
GB00B89MF187,No,1.29,2024-03-20 00:00:00
GB00B89YS045,No,1.28,2024-03-20 00:00:00
GB00B8B1CF61,No,1.29,2024-03-20 00:00:00
GB00B8B6NJ28,No,1.04,2024-02-12 00:00:00
GB00B8BL1150,No,,
GB00B8BRW432,Yes,,
GB00B8DSVP82,Yes,,
GB00B8DWBL68,No,,
GB00B8GJGW07,Yes,0.56,2024-02-12 00:00:00
GB00B8HLB865,Yes,,
GB00B8J9TP16,No,1.28,2024-03-20 00:00:00
GB00B8J9W526,No,0.68,2024-03-20 00:00:00
GB00B92MRV68,No,0.49,2024-02-12 00:00:00
GB00B94Q8L39,No,0.68,2024-03-20 00:00:00
GB00B94SCD93,No,0.71,2024-03-20 00:00:00
GB00B96RS580,No,0.71,2024-03-20 00:00:00
GB00B9DFQH34,No,0.68,2024-03-20 00:00:00
GB00BBMJ9J35,Yes,,
GB00BBMJ9X78,No,,
GB00BBMJ9Y85,No,,
GB00BBMJC493,Yes,,
GB00BBMJC501,Yes,,
GB00BBMJC618,Yes,,
GB00BBPJF697,Yes,,
GB00BC1J4633,Yes,1.73,2024-02-12 00:00:00
GB00BC1J4740,Yes,1.68,2024-03-20 00:00:00
GB00BC1J4856,Yes,1.68,2024-03-20 00:00:00
GB00BC1J4C93,Yes,0.85,2024-02-12 00:00:00
GB00BD1FVK12,No,,
GB00BD3HZS16,Yes,0.96,2024-02-12 00:00:00
GB00BD446V16,No,,
GB00BDD1JN64,Yes,0.15,2024-02-12 00:00:00
GB00BDD1JP88,Yes,0.75,2024-02-12 00:00:00
GB00BDD1JQ95,Yes,0.75,2024-02-12 00:00:00
GB00BDZT6269,No,0.78,2024-03-20 00:00:00
GB00BF2DD910,No,1.29,2024-02-12 00:00:00
GB00BF2DDB37,No,0.69,2024-03-20 00:00:00
GB00BF2DDC44,No,1.28,2024-03-20 00:00:00
GB00BF2DDD50,No,1.28,2024-03-20 00:00:00
GB00BF2DDF74,No,0.68,2024-03-20 00:00:00
GB00BF2DDG81,No,1.28,2024-03-20 00:00:00
GB00BF2DDH98,No,0.68,2024-03-20 00:00:00
GB00BF2DDJ13,No,1.31,2024-03-20 00:00:00
GB00BF2DDK28,No,1.31,2024-03-20 00:00:00
GB00BF77XB05,Yes,,
GB00BF8DGS54,Yes,0.74,2024-02-12 00:00:00
GB00BF8HV829,Yes,1.68,2024-03-20 00:00:00
GB00BF8HV936,Yes,1.68,2024-03-20 00:00:00
GB00BF95R100,Yes,,
GB00BF95R217,Yes,,
GB00BF95R324,Yes,,
GB00BFDTFR03,Yes,0.79,2024-02-12 00:00:00
GB00BFDTFV49,Yes,0.85,2024-02-12 00:00:00
GB00BFDTFW55,No,1.13,2024-02-12 00:00:00
GB00BFNKSK77,Yes,0.82,2024-07-31 00:00:00
GB00BG5GY242,Yes,0.79,2024-02-12 00:00:00
GB00BGHPZ938,No,1.31,2024-02-12 00:00:00
GB00BGHPZB55,No,1.21,2024-02-12 00:00:00
GB00BGHPZC62,No,1.22,2024-02-12 00:00:00
GB00BGK8VR99,Yes,0.58,2024-02-12 00:00:00
GB00BGK8VS07,Yes,0.58,2024-02-12 00:00:00
GB00BGK8VT14,Yes,0.07,2024-02-12 00:00:00
GB00BGQVHT66,Yes,1.65,2024-03-20 00:00:00
GB00BHB1YY26,Yes,0.9,2024-02-12 00:00:00
GB00BHTD8H17,Yes,0.75,2024-02-12 00:00:00
GB00BJ00Z303,No,,
GB00BJ0LDZ17,Yes,0.63,2024-02-12 00:00:00
GB00BJ0LF009,Yes,0.63,2024-02-12 00:00:00
GB00BJ0LF116,Yes,1.27,2024-03-20 00:00:00
GB00BJ0LF223,Yes,1.02,2024-02-12 00:00:00
GB00BJ0LF330,Yes,1.02,2024-02-12 00:00:00
GB00BJ0LF447,Yes,0.9,2024-07-31 00:00:00
GB00BJ0LF553,Yes,0.9,2024-07-31 00:00:00
GB00BJ0LF660,Yes,0.9,2024-03-20 00:00:00
GB00BJ0LF777,Yes,0.9,2024-07-31 00:00:00
GB00BJ0LF884,Yes,1.2,2024-07-31 00:00:00
GB00BJ0LFB13,No,1.21,2024-05-21 00:00:00
GB00BJ0LFC20,Yes,1.34,2024-02-12 00:00:00
GB00BJ0LFD37,Yes,1.28,2024-04-10 00:00:00
GB00BJ0LFF50,Yes,1.24,2024-02-12 00:00:00
GB00BJ0LFG67,Yes,1.15,2024-03-20 00:00:00
GB00BJ0LFH74,Yes,1.15,2024-07-31 00:00:00
GB00BJ0LFJ98,Yes,1.19,2024-03-20 00:00:00
GB00BJ0LFK04,Yes,0.83,2024-02-12 00:00:00
GB00BJ0LFL11,Yes,0.83,2024-07-31 00:00:00
GB00BJ0LFM28,Yes,1.23,2024-07-31 00:00:00
GB00BJ0LFN35,Yes,1.18,2024-03-20 00:00:00
GB00BJ0LFP58,Yes,1.18,2024-03-20 00:00:00
GB00BJ0LFQ65,Yes,1.24,2024-02-12 00:00:00
GB00BJ0LFR72,Yes,1.24,2024-02-12 00:00:00
GB00BJ0LFS89,Yes,1.15,2024-03-20 00:00:00
GB00BJ0LFT96,Yes,1.15,2024-03-20 00:00:00
GB00BJ0LFW26,Yes,1.23,2024-02-12 00:00:00
GB00BJ0LG072,Yes,0.68,2024-02-12 00:00:00
GB00BJ0LG296,Yes,1.24,2024-02-12 00:00:00
GB00BJ0LG304,No,1.17,2024-03-20 00:00:00
GB00BJ0LG411,No,1.56,2024-02-12 00:00:00
GB00BJ0LG528,No,1.49,2024-02-12 00:00:00
GB00BJ0LG635,Yes,1.1,2024-02-12 00:00:00
GB00BJ0LG742,Yes,1.1,2024-02-12 00:00:00
GB00BJ0LG858,No,1.24,2024-02-12 00:00:00
GB00BJ0LG965,No,1.46,2024-02-12 00:00:00
GB00BJ0LGB87,No,1.46,2024-02-12 00:00:00
GB00BJ0LGC94,No,1.52,2024-02-12 00:00:00
GB00BJ0LGD02,No,1.52,2024-02-12 00:00:00
GB00BJ0LGG33,Yes,0.64,2024-02-12 00:00:00
GB00BJ0LGH40,Yes,0.64,2024-02-12 00:00:00
GB00BJ0LGJ63,Yes,0.83,2024-07-31 00:00:00
GB00BJ0LGK78,Yes,1.23,2024-02-12 00:00:00
GB00BJ0LGL85,Yes,1.23,2024-03-20 00:00:00
GB00BJ0LGN00,Yes,1.18,2024-03-20 00:00:00
GB00BJ0LGP24,Yes,1.18,2024-03-20 00:00:00
GB00BJ0LGV83,Yes,1.23,2024-03-20 00:00:00
GB00BJ0LGW90,Yes,1.15,2024-04-10 00:00:00
GB00BJ0LGX08,Yes,1.18,2024-07-31 00:00:00
GB00BJLKXD51,Yes,,
GB00BJLKXF75,Yes,,
GB00BJLKXM43,No,,
GB00BJLKXN59,No,,
GB00BJLKY433,Yes,,
GB00BJLKY540,Yes,,
GB00BJTD6V58,No,0.77,2024-05-21 00:00:00
GB00BJTM2B40,Yes,0.49,2024-03-20 00:00:00
GB00BJTM2C56,Yes,0.48,2024-03-20 00:00:00
GB00BJVDKZ57,Yes,,
GB00BK016M61,Yes,,
GB00BK4W8967,Yes,0.7,2024-07-31 00:00:00
GB00BK4W8B89,Yes,0.7,2024-07-31 00:00:00
GB00BKP52584,Yes,0.28,2024-02-12 00:00:00
GB00BKP5XC23,Yes,,
GB00BKP5XD30,Yes,,
GB00BKP5XX36,No,,
GB00BKP5XY43,No,,
GB00BKP5ZQ09,Yes,,
GB00BKP5ZR16,Yes,,
GB00BKP5ZS23,Yes,,
GB00BKP5ZT30,Yes,,
GB00BKP65J61,Yes,,
GB00BKP65K76,Yes,,
GB00BKP65X06,No,,
GB00BKP65Y13,No,,
GB00BKP67236,Yes,,
GB00BKP67343,Yes,,
GB00BKP67459,Yes,,
GB00BKPHV137,No,0.65,2024-02-12 00:00:00
GB00BKPHV350,No,0.65,2024-02-12 00:00:00
GB00BKPJTG01,Yes,1.33,2024-02-12 00:00:00
GB00BKPJTH18,Yes,0.83,2024-07-31 00:00:00
GB00BKPJTJ32,Yes,0.7,2024-07-31 00:00:00
GB00BKPJWZ03,Yes,0.57,2024-02-12 00:00:00
GB00BKPJX022,Yes,0.54,2024-07-31 00:00:00
GB00BKPJXK25,Yes,0.54,2024-07-31 00:00:00
GB00BKPJXL32,Yes,0.54,2024-07-31 00:00:00
GB00BKRCQL10,Yes,0.91,2024-04-10 00:00:00
GB00BKRCQM27,Yes,0.91,2024-04-10 00:00:00
GB00BKSB1F65,Yes,0.09,2024-04-30 00:00:00
GB00BKSB1H89,Yes,0.77,2024-03-20 00:00:00
GB00BKSB1J04,Yes,0.77,2024-03-20 00:00:00
GB00BKSB1K19,Yes,0.49,2024-02-12 00:00:00
GB00BKSB1L26,Yes,0.49,2024-02-12 00:00:00
GB00BKSB1M33,Yes,0.09,2024-04-30 00:00:00
GB00BKTCQ643,Yes,0.45,2024-03-20 00:00:00
GB00BKTCQ759,Yes,0.45,2024-03-20 00:00:00
GB00BKTDJZ77,Yes,0.65,2024-03-20 00:00:00
GB00BKTDK099,Yes,0.65,2024-03-20 00:00:00
GB00BKXGGK60,Yes,1.68,2024-03-20 00:00:00
GB00BKYRW110,Yes,,
GB00BKYRW227,Yes,,
GB00BKYRW334,Yes,,
GB00BKYRW441,Yes,,
GB00BKYRW557,Yes,,
GB00BKYRW664,Yes,,
GB00BKYRW771,Yes,,
GB00BL1FVK72,Yes,0.28,2024-02-12 00:00:00
GB00BLCYFW36,Yes,0.54,2024-07-31 00:00:00
GB00BLCYFX43,Yes,0.54,2024-07-31 00:00:00
GB00BLH39230,Yes,0.85,2024-07-31 00:00:00
GB00BLKQKZ93,Yes,0.06,2024-02-12 00:00:00
GB00BLKQL237,Yes,0.06,2024-02-12 00:00:00
GB00BLKQL906,Yes,0.36,2024-02-12 00:00:00
GB00BLSNGB01,No,,
GB00BMCF8689,No,,
GB00BMDBB886,Yes,0.44,2024-07-31 00:00:00
GB00BMDBBG68,Yes,0.44,2024-07-31 00:00:00
GB00BMDBBK05,Yes,0.44,2024-07-31 00:00:00
GB00BMDBBL12,Yes,0.44,2024-07-31 00:00:00
GB00BMDBBM29,Yes,0.44,2024-07-31 00:00:00
GB00BMDZR592,Yes,1.0,2024-05-21 00:00:00
GB00BMDZR600,Yes,1.0,2024-05-21 00:00:00
GB00BMDZR717,Yes,0.47,2024-05-01 00:00:00
GB00BMDZR824,Yes,0.47,2024-05-01 00:00:00
GB00BMDZR931,Yes,0.12,2024-02-12 00:00:00
GB00BMDZRB59,Yes,0.12,2024-02-12 00:00:00
GB00BMX58Y51,Yes,0.57,2024-07-31 00:00:00
GB00BMX58Z68,Yes,0.56,2024-07-31 00:00:00
GB00BMY8B000,Yes,0.06,2024-02-12 00:00:00
GB00BN4NDR39,No,,
GB00BN7CMW56,Yes,0.87,2024-02-12 00:00:00
GB00BN7CMX63,Yes,0.87,2024-02-12 00:00:00
GB00BN7CMY70,Yes,0.64,2024-02-12 00:00:00
GB00BN7CMZ87,Yes,0.64,2024-02-12 00:00:00
GB00BNB7MY89,Yes,,
GB00BNB7MZ96,Yes,,
GB00BNB7N011,Yes,,
GB00BNB7N128,Yes,,
GB00BNB7N235,Yes,,
GB00BNXGHS27,No,,
GB00BNY89Y78,Yes,0.76,2024-07-31 00:00:00
GB00BPH3DD08,Yes,0.88,2024-03-20 00:00:00
GB00BPH3DF22,Yes,0.63,2024-02-12 00:00:00
GB00BPH3DG39,Yes,0.48,2024-02-12 00:00:00
GB00BPXXDJ03,Yes,0.75,2024-02-12 00:00:00
GB00BPXXDK18,Yes,0.88,2024-02-12 00:00:00
GB00BPXXDL25,Yes,0.88,2024-02-12 00:00:00
GB00BPXXDM32,Yes,0.1,2024-02-12 00:00:00
GB00BPXXDN49,Yes,0.1,2024-02-12 00:00:00
GB00BPXXDP62,Yes,0.75,2024-02-12 00:00:00
GB00BQ681623,No,,
GB00BRBTV673,No,,
GB00BRJL1650,Yes,,
GB00BRJL1P41,Yes,,
GB00BRJL1Q57,Yes,,
GB00BSHRGN41,No,,
GB00BV9GP888,Yes,,
GB00BV9GP995,Yes,,
GB00BV9GPB14,Yes,,
GB00BV9GPC21,Yes,,
GB00BV9GPD38,No,,
GB00BV9GPF51,No,,
GB00BVGH2D81,Yes,,
GB00BVRYYL03,Yes,1.4,2024-03-20 00:00:00
GB00BVZ6QT02,Yes,0.89,2024-03-20 00:00:00
GB00BW0DQF92,No,,
GB00BW0DQG00,No,,
GB00BW0DQH17,No,,
GB00BW0DQJ31,No,,
GB00BXVMC989,Yes,0.7,2024-07-31 00:00:00
GB00BYM2H885,Yes,0.03,2020-08-24 00:00:00
GB00BYX7N285,No,,
GB00BYYWQW34,Yes,,
GB00BYYWQY57,Yes,,
GB00BYYWR319,Yes,,
GB00BZ00WR55,Yes,0.47,2024-02-12 00:00:00
GB00BZ00WT79,Yes,0.47,2024-02-12 00:00:00
GB00BZ01TH77,No,,
GB00BZ01TJ91,No,,
GB00BZ01TK07,No,,
GB00BZ0RQH48,Yes,,
GB00BZ0RQJ61,Yes,,
GB00BZ15CY61,Yes,1.74,2024-07-31 00:00:00
IE0000OEM636,No,,
IE0000PUIKX8,Yes,0.85,2023-11-16 00:00:00
IE0001256803,Yes,1.92,2022-10-01 00:00:00
IE0001257090,Yes,1.92,2022-10-01 00:00:00
IE0001262298,Yes,3.42,2022-02-11 00:00:00
IE0001426232,Yes,1.08,2024-02-13 00:00:00
IE0001AGQT34,Yes,,
IE0001V42J54,Yes,,
IE0002122038,Yes,2.36,2024-02-13 00:00:00
IE0002128837,Yes,3.39,2022-02-11 00:00:00
IE0002141913,Yes,1.54,2024-02-13 00:00:00
IE0002167009,Yes,2.41,2024-03-20 00:00:00
IE0002167660,Yes,3.42,2022-02-11 00:00:00
IE0002175093,Yes,1.59,2024-03-20 00:00:00
IE0002EYHYY1,Yes,0.72,2023-10-19 00:00:00
IE00043S3004,Yes,,
IE0004444828,Yes,2.5,2024-02-13 00:00:00
IE0004445015,Yes,1.87,2024-02-13 00:00:00
IE0004445239,Yes,2.13,2024-02-13 00:00:00
IE0004445676,Yes,1.92,2022-10-01 00:00:00
IE0004445783,Yes,1.9,2022-10-01 00:00:00
IE0004446757,Yes,1.89,2022-10-01 00:00:00
IE0004446971,Yes,1.92,2024-02-13 00:00:00
IE00044Z4IJ4,Yes,,
IE0004858456,Yes,0.88,2022-10-01 00:00:00
IE0004858563,Yes,0.9,2024-02-13 00:00:00
IE000495KIK3,Yes,0.88,2022-10-01 00:00:00
IE0004XWWXA2,Yes,,
IE000534SO58,Yes,,
IE00055RXH32,Yes,,
IE0005BJK3Q0,Yes,0.5,2024-02-13 00:00:00
IE0005CE4D33,Yes,,
IE0005OL40V9,Yes,,
IE0005OODHM3,Yes,,
IE00064HGHF2,Yes,,
IE0006WLFKW8,Yes,,
IE00074FGIA4,Yes,,
IE0007RV6TK3,Yes,,
IE000832UYS6,Yes,,
IE0008I0JXW0,Yes,,
IE0009354923,Yes,2.46,2024-02-13 00:00:00
IE0009355771,Yes,2.36,2024-02-13 00:00:00
IE0009356076,Yes,2.41,2022-10-01 00:00:00
IE0009511647,Yes,2.4,2022-10-01 00:00:00
IE0009514872,Yes,1.17,2022-10-01 00:00:00
IE0009514989,Yes,1.87,2024-02-13 00:00:00
IE0009515622,Yes,0.86,2024-02-13 00:00:00
IE0009516141,Yes,1.9,2022-10-01 00:00:00
IE0009516588,Yes,2.92,2022-02-11 00:00:00
IE0009516810,Yes,0.63,2022-10-31 00:00:00
IE0009516927,Yes,0.62,2024-02-13 00:00:00
IE0009530639,Yes,1.87,2022-10-01 00:00:00
IE0009531157,Yes,2.88,2022-02-11 00:00:00
IE0009531603,Yes,0.72,2022-10-01 00:00:00
IE0009531710,Yes,0.75,2024-02-13 00:00:00
IE0009531827,Yes,2.14,2022-10-01 00:00:00
IE0009532122,Yes,1.02,2022-10-01 00:00:00
IE0009532239,Yes,1.02,2024-02-13 00:00:00
IE0009533641,Yes,0.88,2022-10-01 00:00:00
IE0009534052,Yes,0.47,2022-10-01 00:00:00
IE0009534169,Yes,2.42,2022-10-31 00:00:00
IE0009534383,Yes,3.41,2022-02-11 00:00:00
IE0009534508,Yes,1.6,2022-10-31 00:00:00
IE0009AZINF1,Yes,,
IE0009MIBWU7,Yes,2.11,2022-10-31 00:00:00
IE0009P37MJ7,Yes,,
IE0009RAWLQ0,Yes,,
IE000AHNH3N2,Yes,0.67,2023-09-11 00:00:00
IE000BL343U6,Yes,,
IE000DVZ2FO4,Yes,,
IE000DYN3WR1,Yes,,
IE000EQSL973,Yes,,
IE000F1A4UV3,Yes,,
IE000FMB0163,Yes,1.9,2022-10-01 00:00:00
IE000FXF8HX8,Yes,0.7,2024-03-20 00:00:00
IE000G3N3NE7,Yes,,
IE000GP4O479,Yes,2.93,2022-10-01 00:00:00
IE000H2VA905,Yes,,
IE000HDDZ8A5,Yes,,
IE000HYW6F07,Yes,,
IE000IZDQ0S8,No,,
IE000K4645T9,Yes,,
IE000KJSGS14,Yes,,
IE000KLTS776,Yes,,
IE000KUH9ZH5,Yes,,
IE000L47VFB1,Yes,,
IE000MYR0A73,Yes,,
IE000N76ZS77,Yes,,
IE000OAAX4F2,Yes,,
IE000Q70BG31,Yes,,
IE000QGLM3Y7,Yes,,
IE000QHKSTA0,Yes,,
IE000QV9L9H5,Yes,,
IE000RUGMMJ8,Yes,,
IE000S525MX2,Yes,,
IE000S6FYYI6,Yes,,
IE000SYNS5I3,Yes,,
IE000TXTBWM7,Yes,0.79,2024-03-20 00:00:00
IE000U1TEQK8,Yes,,
IE000UIBHNK4,Yes,,
IE000UXG03U9,Yes,,
IE000V3UWH37,Yes,,
IE000V5XP672,Yes,,
IE000VQFWE96,Yes,,
IE000VYSP3A8,Yes,,
IE000W6OIVB6,Yes,1.89,2022-10-01 00:00:00
IE000WX1VW28,Yes,2.4,2022-10-01 00:00:00
IE000XEN1F67,Yes,2.86,2022-10-01 00:00:00
IE000XWBFHZ3,Yes,,
IE000YJW2O06,Yes,0.62,2023-02-13 00:00:00
IE000YN37IJ9,Yes,,
IE000YSTHZ65,Yes,,
IE000YTZ5BP2,Yes,,
IE000ZC4REL0,Yes,,
IE000ZGL4571,Yes,,
IE000ZZO4GG7,Yes,,
IE0030804631,No,,
IE0030804748,No,,
IE0030805042,No,,
IE0030805158,No,,
IE0030805489,No,,
IE0030805596,No,,
IE0030805828,No,,
IE0030805935,No,,
IE0030806230,No,,
IE0030806347,No,,
IE0031118791,Yes,3.4,2022-02-11 00:00:00
IE0031118809,Yes,2.88,2022-02-11 00:00:00
IE0031118916,Yes,3.15,2022-02-11 00:00:00
IE0031119104,Yes,2.9,2022-02-11 00:00:00
IE0031119211,Yes,2.9,2022-02-11 00:00:00
IE0031119328,Yes,2.89,2022-02-11 00:00:00
IE0031119435,Yes,2.89,2022-02-11 00:00:00
IE0031119542,Yes,2.09,2022-02-11 00:00:00
IE0031119658,Yes,2.1,2022-02-11 00:00:00
IE0033532841,No,,
IE0033532957,No,,
IE0033534441,Yes,2.17,2022-10-31 00:00:00
IE0033534557,Yes,2.18,2022-10-31 00:00:00
IE0033534664,Yes,3.19,2022-02-11 00:00:00
IE0033534771,Yes,3.19,2022-02-11 00:00:00
IE0033534888,Yes,1.11,2024-02-13 00:00:00
IE0033534995,Yes,2.17,2022-10-31 00:00:00
IE0033933767,No,,
IE0033934393,No,,
IE0033934955,No,,
IE0033935580,No,,
IE0033936117,No,,
IE0033936331,No,,
IE00B0332L05,No,,
IE00B0332S73,No,,
IE00B2B35J52,Yes,2.38,2022-10-01 00:00:00
IE00B2B35R37,Yes,1.9,2022-10-01 00:00:00
IE00B2B35V72,Yes,1.05,2022-10-01 00:00:00
IE00B2B35Y04,Yes,1.02,2024-02-13 00:00:00
IE00B2B35Z11,Yes,2.47,2024-02-13 00:00:00
IE00B2B36255,Yes,1.65,2024-02-13 00:00:00
IE00B2B36G96,Yes,1.55,2024-02-13 00:00:00
IE00B2B36J28,Yes,1.54,2024-02-13 00:00:00
IE00B2B36Q94,Yes,1.6,2024-02-13 00:00:00
IE00B2B36V48,Yes,0.85,2022-10-01 00:00:00
IE00B2B37667,Yes,1.11,2024-02-13 00:00:00
IE00B2B37881,Yes,0.46,2022-10-01 00:00:00
IE00B2N6J677,Yes,1.2,2024-02-13 00:00:00
IE00B3LF0Q09,Yes,2.64,2022-10-01 00:00:00
IE00B3LF0X75,Yes,2.11,2022-10-01 00:00:00
IE00B3PWP390,Yes,1.36,2022-10-31 00:00:00
IE00B3Q2NJ00,Yes,1.33,2022-10-31 00:00:00
IE00B3R7SC21,Yes,1.89,2022-10-31 00:00:00
IE00B3RVJ987,Yes,2.16,2022-10-01 00:00:00
IE00B3S2VD85,Yes,2.88,2022-10-01 00:00:00
IE00B3TND124,Yes,2.9,2022-10-01 00:00:00
IE00B3VXZV45,Yes,2.9,2022-10-01 00:00:00
IE00B3ZM0R87,Yes,1.16,2022-10-31 00:00:00
IE00B3ZSZ594,Yes,0.6,2024-02-13 00:00:00
IE00B40J9K78,Yes,0.6,2024-02-13 00:00:00
IE00B40RV384,Yes,1.16,2022-10-31 00:00:00
IE00B41CXQ90,Yes,1.11,2024-02-13 00:00:00
IE00B43M7D28,Yes,1.15,2022-10-31 00:00:00
IE00B44BD966,Yes,2.89,2022-10-31 00:00:00
IE00B4JS1V06,Yes,1.89,2024-02-13 00:00:00
IE00B4LJMZ29,Yes,0.6,2024-02-13 00:00:00
IE00B4Q8M094,Yes,0.6,2024-02-13 00:00:00
IE00B4R5TH58,Yes,2.37,2022-10-01 00:00:00
IE00B4ZY3X89,Yes,1.93,2024-02-13 00:00:00
IE00B5589841,Yes,1.93,2022-10-01 00:00:00
IE00B5949003,Yes,2.4,2022-10-01 00:00:00
IE00B59RGT74,Yes,0.74,2024-02-13 00:00:00
IE00B613WX69,Yes,0.0,2022-02-11 00:00:00
IE00B613X556,Yes,0.0,2022-02-11 00:00:00
IE00B613X663,Yes,0.0,2022-02-11 00:00:00
IE00B64HKL97,Yes,2.14,2022-10-01 00:00:00
IE00B67PWQ95,Yes,2.09,2022-10-01 00:00:00
IE00B6Q97T05,Yes,1.06,2022-10-01 00:00:00
IE00B6Q9B218,Yes,2.12,2022-10-01 00:00:00
IE00B6Q9PT69,Yes,2.37,2022-10-01 00:00:00
IE00B6QBS936,Yes,2.88,2022-10-01 00:00:00
IE00B6QC9F93,Yes,2.37,2022-10-01 00:00:00
IE00B6QCRZ57,Yes,1.07,2022-10-01 00:00:00
IE00B6QCZK62,Yes,2.13,2022-10-01 00:00:00
IE00B6QDJS55,Yes,2.62,2022-10-01 00:00:00
IE00B6QDLV23,Yes,2.14,2022-10-01 00:00:00
IE00B6QFF942,Yes,2.87,2022-10-01 00:00:00
IE00B6QG7K24,Yes,1.08,2022-10-01 00:00:00
IE00B6Y5G934,Yes,1.88,2022-10-01 00:00:00
IE00B6Y5KJ15,Yes,2.68,2022-10-31 00:00:00
IE00B6Y7ZF85,Yes,0.63,2022-10-01 00:00:00
IE00B755XC12,Yes,0.94,2024-02-13 00:00:00
IE00B775H168,Yes,1.87,2022-10-01 00:00:00
IE00B7D1PH00,Yes,0.87,2022-10-01 00:00:00
IE00B7GTJV38,Yes,1.91,2022-10-01 00:00:00
IE00B7GTM146,Yes,1.87,2022-10-01 00:00:00
IE00B7GTM815,Yes,1.87,2022-10-01 00:00:00
IE00B7KXQ091,Yes,1.87,2024-02-13 00:00:00
IE00B7Q0MG23,Yes,1.93,2022-10-01 00:00:00
IE00B7VGZP57,Yes,0.86,2024-02-13 00:00:00
IE00B7VHC356,Yes,2.67,2022-10-31 00:00:00
IE00B808G672,Yes,0.46,2022-10-01 00:00:00
IE00B83BYG91,Yes,1.88,2024-02-13 00:00:00
IE00B8DQ2F94,Yes,0.0,2022-02-11 00:00:00
IE00B8GQ0T69,Yes,0.86,2024-03-20 00:00:00
IE00B8W85S00,Yes,0.71,2024-04-10 00:00:00
IE00B8XY4Y67,Yes,0.66,2024-03-20 00:00:00
IE00B9520L40,Yes,0.91,2024-02-13 00:00:00
IE00B95B5D80,Yes,1.05,2024-02-13 00:00:00
IE00BD34XY49,Yes,1.28,2022-10-31 00:00:00
IE00BD351Z49,Yes,0.45,2024-02-13 00:00:00
IE00BD353363,Yes,0.45,2024-02-13 00:00:00
IE00BD355P21,Yes,0.6,2022-10-31 00:00:00
IE00BD358420,Yes,0.6,2024-02-13 00:00:00
IE00BD359501,Yes,1.29,2022-10-31 00:00:00
IE00BD359618,Yes,0.6,2024-02-13 00:00:00
IE00BD3RYX91,Yes,0.36,2022-02-11 00:00:00
IE00BD3RYY09,Yes,0.54,2022-02-11 00:00:00
IE00BD860F54,Yes,0.86,2024-02-13 00:00:00
IE00BD860G61,Yes,0.85,2024-02-13 00:00:00
IE00BD860H78,Yes,0.85,2024-02-13 00:00:00
IE00BD860J92,Yes,0.84,2024-02-13 00:00:00
IE00BD861K72,Yes,0.59,2024-02-13 00:00:00
IE00BD861N04,Yes,0.92,2024-02-13 00:00:00
IE00BD8D5Z14,Yes,0.49,2024-02-13 00:00:00
IE00BD8GP721,Yes,0.92,2024-02-13 00:00:00
IE00BDFDKX76,Yes,1.13,2024-02-13 00:00:00
IE00BF2GLT67,Yes,1.87,2022-10-01 00:00:00
IE00BF2GLV89,Yes,1.88,2022-10-01 00:00:00
IE00BF2GLW96,Yes,2.37,2022-10-01 00:00:00
IE00BF2GM042,Yes,2.39,2022-10-01 00:00:00
IE00BF2GM158,Yes,2.17,2022-10-31 00:00:00
IE00BFRSTF92,Yes,0.61,2024-02-13 00:00:00
IE00BFRSTG00,Yes,0.62,2024-02-13 00:00:00
IE00BFRSYJ83,Yes,0.86,2024-02-13 00:00:00
IE00BFRSYK98,Yes,0.85,2024-02-13 00:00:00
IE00BFRSYS74,Yes,0.87,2024-03-20 00:00:00
IE00BFRSYT81,Yes,0.9,2024-03-20 00:00:00
IE00BFRSYW11,Yes,1.05,2024-02-13 00:00:00
IE00BFRSYX28,Yes,0.51,2024-02-13 00:00:00
IE00BFRSYY35,Yes,0.5,2024-02-13 00:00:00
IE00BFRSYZ42,Yes,0.69,2024-02-13 00:00:00
IE00BFRSZ065,Yes,0.7,2024-02-13 00:00:00
IE00BFRSZ172,Yes,0.94,2024-02-13 00:00:00
IE00BFRSZ289,Yes,0.94,2024-02-13 00:00:00
IE00BFRSZ511,Yes,0.86,2024-02-13 00:00:00
IE00BFRSZ628,Yes,0.87,2024-02-13 00:00:00
IE00BFSS7K90,Yes,2.37,2022-10-01 00:00:00
IE00BFSS7M15,Yes,1.87,2022-10-01 00:00:00
IE00BFSS7W13,Yes,0.85,2022-10-01 00:00:00
IE00BFSS8623,Yes,0.85,2022-10-01 00:00:00
IE00BFSS8Q28,Yes,1.85,2022-10-01 00:00:00
IE00BFTCP959,Yes,2.38,2022-10-01 00:00:00
IE00BFTCPJ56,Yes,2.37,2022-10-01 00:00:00
IE00BHC8SV77,Yes,2.41,2022-10-01 00:00:00
IE00BJJMRX11,Yes,1.86,2022-10-01 00:00:00
IE00BJJMRY28,Yes,1.85,2022-10-01 00:00:00
IE00BJJMRZ35,Yes,1.56,2022-10-01 00:00:00
IE00BJT1NW94,Yes,2.37,2022-10-01 00:00:00
IE00BJVNGR98,Yes,1.35,2024-02-13 00:00:00
IE00BJVNGS06,Yes,1.35,2024-02-13 00:00:00
IE00BJVNGT13,Yes,1.35,2022-10-31 00:00:00
IE00BJVNGV35,Yes,1.35,2022-10-31 00:00:00
IE00BJVNGW42,Yes,1.35,2022-10-31 00:00:00
IE00BJVNGX58,Yes,1.35,2022-10-31 00:00:00
IE00BJVNGY65,Yes,1.83,2022-10-31 00:00:00
IE00BJVNGZ72,Yes,1.84,2022-10-31 00:00:00
IE00BJVNH100,Yes,0.73,2024-02-13 00:00:00
IE00BJVNH654,Yes,1.73,2022-02-11 00:00:00
IE00BJVNH761,Yes,1.73,2022-02-11 00:00:00
IE00BJXT4158,Yes,0.81,2022-10-31 00:00:00
IE00BJXT4265,Yes,0.81,2022-10-31 00:00:00
IE00BK26DX94,Yes,1.86,2022-10-01 00:00:00
IE00BK7YST97,No,,
IE00BK7YSV10,No,,
IE00BKDM8C03,Yes,1.05,2022-10-31 00:00:00
IE00BKKNGZ56,Yes,0.69,2024-02-13 00:00:00
IE00BKKNH416,Yes,0.59,2024-02-13 00:00:00
IE00BLK24558,Yes,1.35,2022-10-31 00:00:00
IE00BLTVXS96,Yes,1.05,2022-10-31 00:00:00
IE00BLWF5C65,Yes,1.7,2022-10-31 00:00:00
IE00BLWF5D72,Yes,0.7,2024-02-13 00:00:00
IE00BLWF5L56,Yes,0.54,2023-02-13 00:00:00
IE00BLWF5N70,Yes,1.7,2022-10-31 00:00:00
IE00BLWF5Q02,Yes,1.05,2022-10-31 00:00:00
IE00BLWF5R19,Yes,0.55,2023-02-13 00:00:00
IE00BLY1N394,Yes,1.05,2022-10-31 00:00:00
IE00BLY1N519,Yes,1.7,2022-10-31 00:00:00
IE00BLY1N626,Yes,0.7,2022-10-31 00:00:00
IE00BLY1NC86,Yes,1.05,2022-10-31 00:00:00
IE00BLY1NF18,Yes,1.7,2022-10-31 00:00:00
IE00BLY27S52,Yes,1.04,2022-10-31 00:00:00
IE00BM67H965,Yes,1.05,2022-10-31 00:00:00
IE00BM7WZP25,Yes,0.0,2022-02-11 00:00:00
IE00BM9M0223,No,,
IE00BM9M0330,No,,
IE00BM9M0447,No,,
IE00BM9M0553,No,,
IE00BM9M0660,No,,
IE00BM9M0777,No,,
IE00BMDXR423,Yes,1.84,2022-10-31 00:00:00
IE00BMF1KR89,Yes,0.71,2022-10-01 00:00:00
IE00BMF1KS96,Yes,0.77,2022-10-31 00:00:00
IE00BMXMTS70,Yes,2.36,2022-10-01 00:00:00
IE00BMXMTT87,Yes,0.91,2022-10-01 00:00:00
IE00BMXMTZ48,Yes,1.61,2022-10-01 00:00:00
IE00BMXMV038,Yes,0.46,2022-10-01 00:00:00
IE00BMXMV145,Yes,2.36,2022-10-01 00:00:00
IE00BN29S457,Yes,0.68,2022-10-01 00:00:00
IE00BN29S564,Yes,1.85,2022-10-01 00:00:00
IE00BN29S671,Yes,0.85,2024-02-13 00:00:00
IE00BN29S788,Yes,0.85,2022-10-01 00:00:00
IE00BN29S895,Yes,2.34,2022-10-01 00:00:00
IE00BN29S903,Yes,0.58,2022-10-01 00:00:00
IE00BN29SB22,Yes,1.28,2022-10-31 00:00:00
IE00BRJ9D748,Yes,0.86,2024-02-13 00:00:00
IE00BRJG6X20,Yes,1.55,2024-02-13 00:00:00
IE00BRJG6Y37,Yes,0.86,2024-02-13 00:00:00
IE00BRJG7840,Yes,0.85,2024-02-13 00:00:00
IE00BZ76W439,Yes,0.95,2024-02-13 00:00:00
IE00BZ771832,Yes,0.95,2024-02-13 00:00:00
IE00BZ775C54,Yes,1.45,2024-02-13 00:00:00
IE00BZ775F85,Yes,1.45,2024-02-13 00:00:00
IE00BZ777T61,Yes,1.7,2022-10-01 00:00:00
IE00BZ77D437,Yes,0.95,2024-02-13 00:00:00
JE00B1GXH751,,,
LU0011889846,Yes,1.87,2024-02-14 00:00:00
LU0011889929,Yes,1.89,2024-02-14 00:00:00
LU0011890265,Yes,1.88,2024-02-14 00:00:00
LU0011890851,Yes,2.07,2024-02-14 00:00:00
LU0046217351,Yes,1.87,2024-02-14 00:00:00
LU0070992663,Yes,1.87,2024-02-14 00:00:00
LU0088927925,Yes,1.87,2024-02-14 00:00:00
LU0113993041,Yes,1.07,2024-02-14 00:00:00
LU0113993397,Yes,1.07,2024-02-14 00:00:00
LU0113993553,Yes,1.09,2022-10-31 00:00:00
LU0113993801,Yes,1.75,2024-02-14 00:00:00
LU0113993983,Yes,1.16,2022-10-01 00:00:00
LU0135928025,Yes,2.14,2022-10-31 00:00:00
LU0135928298,Yes,2.14,2022-10-31 00:00:00
LU0135928611,Yes,2.15,2022-10-31 00:00:00
LU0150924321,Yes,1.63,2024-02-14 00:00:00
LU0196034317,Yes,1.0,2024-02-14 00:00:00
LU0196034663,Yes,1.0,2022-10-31 00:00:00
LU0196034820,Yes,1.0,2024-02-14 00:00:00
LU0196035553,Yes,1.0,2024-02-14 00:00:00
LU0196035983,Yes,1.0,2022-10-01 00:00:00
LU0196036015,Yes,1.0,2022-10-01 00:00:00
LU0200076213,Yes,1.64,2024-02-14 00:00:00
LU0200076999,Yes,1.64,2024-02-14 00:00:00
LU0200077294,Yes,1.64,2024-04-10 00:00:00
LU0200083342,Yes,1.63,2024-02-14 00:00:00
LU0201071890,Yes,1.63,2024-02-14 00:00:00
LU0201073169,Yes,1.76,2024-02-14 00:00:00
LU0201075453,Yes,1.63,2024-02-14 00:00:00
LU0201078713,Yes,1.64,2024-02-14 00:00:00
LU0209137206,Yes,1.87,2024-02-14 00:00:00
LU0209137388,Yes,1.87,2024-02-14 00:00:00
LU0209137628,Yes,1.0,2024-02-14 00:00:00
LU0209156925,Yes,1.87,2024-02-14 00:00:00
LU0209157493,Yes,1.0,2022-10-31 00:00:00
LU0209157659,Yes,1.0,2022-10-31 00:00:00
LU0209158467,Yes,1.87,2024-02-14 00:00:00
LU0209158541,Yes,1.0,2024-02-14 00:00:00
LU0210855028,Yes,1.63,2024-02-14 00:00:00
LU0210856778,Yes,1.64,2024-02-14 00:00:00
LU0229494629,Yes,1.91,2024-02-14 00:00:00
LU0229494975,Yes,1.92,2024-02-14 00:00:00
LU0229495352,Yes,1.0,2022-10-31 00:00:00
LU0247695934,Yes,2.48,2022-10-31 00:00:00
LU0247697476,Yes,2.49,2022-10-31 00:00:00
LU0247697633,Yes,2.49,2022-10-31 00:00:00
LU0247698441,Yes,2.55,2022-10-31 00:00:00
LU0247699092,Yes,2.5,2022-10-31 00:00:00
LU0247699415,Yes,2.49,2022-10-01 00:00:00
LU0247699761,Yes,2.52,2022-10-01 00:00:00
LU0247699928,Yes,2.49,2022-10-01 00:00:00
LU0247700106,Yes,2.58,2022-10-01 00:00:00
LU0264597450,Yes,1.89,2022-10-01 00:00:00
LU0264597617,Yes,1.87,2024-02-14 00:00:00
LU0264598268,Yes,1.0,2024-02-14 00:00:00
LU0264598342,Yes,2.47,2024-02-14 00:00:00
LU0264605907,Yes,1.93,2022-10-01 00:00:00
LU0264606111,Yes,1.92,2024-02-14 00:00:00
LU0264606467,Yes,1.0,2022-10-01 00:00:00
LU0264606624,Yes,2.54,2022-10-01 00:00:00
LU0264738294,Yes,1.87,2024-02-14 00:00:00
LU0264739185,Yes,1.87,2024-02-14 00:00:00
LU0277002928,Yes,1.0,2024-02-14 00:00:00
LU0298310920,Yes,1.08,2022-10-01 00:00:00
LU0327786744,Yes,1.9,2024-02-14 00:00:00
LU0327786827,Yes,1.9,2024-02-14 00:00:00
LU0327787049,Yes,1.0,2024-02-14 00:00:00
LU0327787395,Yes,2.52,2022-10-01 00:00:00
LU0330915165,Yes,1.16,2022-10-01 00:00:00
LU0330915322,Yes,1.08,2022-10-01 00:00:00
LU0451950314,Yes,1.17,2024-02-14 00:00:00
LU0451950405,Yes,1.17,2024-02-14 00:00:00
LU0451950587,Yes,0.75,2024-02-14 00:00:00
LU0451950660,Yes,0.75,2022-10-01 00:00:00
LU0451950744,Yes,1.53,2022-10-01 00:00:00
LU0490769915,Yes,1.08,2024-02-14 00:00:00
LU0490786174,Yes,1.63,2024-02-14 00:00:00
LU0503932328,Yes,1.92,2024-02-14 00:00:00
LU0503932591,Yes,1.89,2024-02-14 00:00:00
LU0503932674,Yes,1.0,2024-02-14 00:00:00
LU0503932831,Yes,2.52,2022-10-31 00:00:00
LU0504465815,Yes,1.97,2024-02-14 00:00:00
LU0506197614,Yes,1.87,2024-02-14 00:00:00
LU0506197887,Yes,1.87,2022-10-01 00:00:00
LU0506198265,Yes,1.0,2024-02-14 00:00:00
LU0506198851,Yes,2.48,2022-10-01 00:00:00
LU0506199156,Yes,1.89,2024-02-14 00:00:00
LU0506199586,Yes,1.0,2024-02-14 00:00:00
LU0506436111,Yes,1.98,2022-10-31 00:00:00
LU0572939261,Yes,1.94,2022-10-01 00:00:00
LU0572939691,Yes,1.94,2022-10-01 00:00:00
LU0572940194,Yes,1.92,2024-02-14 00:00:00
LU0572940350,Yes,1.94,2022-10-01 00:00:00
LU0572942307,Yes,1.91,2024-02-14 00:00:00
LU0572943370,Yes,1.0,2022-10-31 00:00:00
LU0572944774,Yes,1.9,2024-02-14 00:00:00
LU0572944931,Yes,1.92,2022-10-01 00:00:00
LU0572949575,Yes,0.75,2022-10-01 00:00:00
LU0572951639,Yes,1.6,2024-02-14 00:00:00
LU0572952017,Yes,1.87,2024-02-14 00:00:00
LU0572952280,Yes,1.87,2024-02-14 00:00:00
LU0572953684,Yes,1.0,2024-02-14 00:00:00
LU0572954062,Yes,2.49,2022-10-01 00:00:00
LU0572961604,Yes,1.88,2022-10-01 00:00:00
LU0579024422,Yes,2.18,2022-10-01 00:00:00
LU0580143203,Yes,1.08,2024-02-14 00:00:00
LU0593293326,Yes,1.17,2024-02-14 00:00:00
LU0622223799,Yes,2.07,2024-03-20 00:00:00
LU0622224094,Yes,2.58,2022-10-01 00:00:00
LU0642270333,Yes,1.0,2022-10-31 00:00:00
LU0642271901,Yes,1.89,2022-10-01 00:00:00
LU0642272388,Yes,1.0,2022-10-01 00:00:00
LU0642280134,Yes,1.18,2022-10-01 00:00:00
LU0642280647,Yes,1.17,2024-02-14 00:00:00
LU0642281702,Yes,0.75,2022-10-01 00:00:00
LU0756065081,Yes,1.18,2022-10-31 00:00:00
LU0756065164,Yes,1.16,2024-02-14 00:00:00
LU0756065321,Yes,1.17,2024-02-14 00:00:00
LU0756065834,Yes,0.75,2022-10-31 00:00:00
LU0756066568,Yes,1.78,2022-10-31 00:00:00
LU0756068184,Yes,1.18,2022-10-01 00:00:00
LU0828244219,Yes,1.89,2022-10-31 00:00:00
LU0828813104,Yes,1.89,2022-10-31 00:00:00
LU0828813369,Yes,1.07,2024-02-14 00:00:00
LU0828813526,Yes,1.07,2024-02-14 00:00:00
LU0828813872,Yes,1.14,2022-10-01 00:00:00
LU0828814094,Yes,1.14,2022-10-01 00:00:00
LU0828815067,Yes,1.53,2022-10-01 00:00:00
LU0828815224,Yes,1.16,2024-02-14 00:00:00
LU0828815570,Yes,1.16,2024-02-14 00:00:00
LU0828816461,Yes,1.16,2024-02-14 00:00:00
LU0828817600,Yes,1.18,2022-10-01 00:00:00
LU0828818087,Yes,0.75,2022-10-01 00:00:00
LU0828818913,Yes,0.75,2022-10-01 00:00:00
LU0828820901,Yes,1.53,2022-10-01 00:00:00
LU0828821115,Yes,1.53,2022-10-01 00:00:00
LU0892273995,Yes,1.07,2024-02-14 00:00:00
LU0892274290,Yes,0.8,2024-02-14 00:00:00
LU0892274530,Yes,1.07,2024-02-14 00:00:00
LU0892274704,Yes,1.22,2024-02-14 00:00:00
LU0892274969,Yes,1.07,2024-02-14 00:00:00
LU0892275263,Yes,1.07,2024-02-14 00:00:00
LU0892275776,Yes,1.87,2024-02-14 00:00:00
LU0892276741,Yes,1.0,2022-10-31 00:00:00
LU0942194779,Yes,1.07,2024-02-14 00:00:00
LU0942195156,Yes,1.07,2024-02-14 00:00:00
LU0942195230,Yes,1.23,2022-10-01 00:00:00
LU0942195313,Yes,1.14,2022-10-01 00:00:00
LU0942195586,Yes,1.12,2024-02-14 00:00:00
LU0942195669,Yes,1.06,2024-02-14 00:00:00
LU0953998514,Yes,1.63,2024-02-14 00:00:00
LU0953998605,Yes,1.08,2024-02-14 00:00:00
LU0953998860,Yes,0.73,2024-02-14 00:00:00
LU0953999082,Yes,1.08,2022-10-31 00:00:00
LU0966752833,Yes,0.83,2024-02-14 00:00:00
LU0966752916,Yes,0.83,2024-02-14 00:00:00
LU0966753138,Yes,0.83,2024-02-14 00:00:00
LU0973119513,Yes,0.85,2024-02-14 00:00:00
LU0973119604,Yes,0.85,2022-10-31 00:00:00
LU0973119786,Yes,0.85,2022-10-31 00:00:00
LU0973119869,Yes,0.85,2024-02-14 00:00:00
LU0973214777,Yes,0.83,2024-02-14 00:00:00
LU0976556265,Yes,1.15,2022-10-31 00:00:00
LU0976556422,Yes,1.11,2024-02-14 00:00:00
LU0976556695,Yes,1.12,2024-02-14 00:00:00
LU0976556851,Yes,1.89,2022-10-01 00:00:00
LU0976556935,Yes,1.88,2024-02-14 00:00:00
LU0976557073,Yes,1.07,2024-02-14 00:00:00
LU0976557156,Yes,1.07,2024-02-14 00:00:00
LU0976557230,Yes,1.08,2024-02-14 00:00:00
LU0978624194,Yes,1.17,2024-02-14 00:00:00
LU0978624277,Yes,1.19,2022-10-31 00:00:00
LU0978624350,Yes,0.75,2024-02-14 00:00:00
LU0978624434,Yes,0.75,2024-02-14 00:00:00
LU0989423784,Yes,0.88,2024-02-14 00:00:00
LU0995107140,Yes,1.09,2024-02-14 00:00:00
LU0995139184,Yes,1.03,2024-02-14 00:00:00
LU0995139267,Yes,1.03,2024-02-14 00:00:00
LU0995139341,Yes,1.03,2024-02-14 00:00:00
LU0995139424,Yes,0.88,2024-02-14 00:00:00
LU0995139697,Yes,1.01,2024-02-14 00:00:00
LU0995140356,Yes,0.89,2024-02-14 00:00:00
LU0995140430,Yes,2.13,2022-10-31 00:00:00
LU0999457616,Yes,1.18,2022-10-31 00:00:00
LU1003273924,Yes,0.85,2022-10-31 00:00:00
LU1004011935,Yes,0.4,2024-02-14 00:00:00
LU1005137069,Yes,1.07,2024-02-14 00:00:00
LU1006566639,Yes,0.81,2022-10-01 00:00:00
LU1039938227,Yes,1.87,2024-02-14 00:00:00
LU1041546547,Yes,1.63,2024-02-14 00:00:00
LU1041547511,Yes,1.65,2022-10-31 00:00:00
LU1041547941,Yes,1.63,2024-02-14 00:00:00
LU1047639791,Yes,0.7,2022-10-31 00:00:00
LU1059379971,Yes,1.89,2022-10-31 00:00:00
LU1068766655,Yes,0.79,2024-02-14 00:00:00
LU1073139583,Yes,1.92,2024-02-14 00:00:00
LU1073139666,Yes,1.0,2024-02-14 00:00:00
LU1077968276,Yes,2.52,2024-02-14 00:00:00
LU1086934103,Yes,1.07,2024-02-14 00:00:00
LU1120392524,Yes,1.0,2024-02-14 00:00:00
LU1120392797,Yes,1.09,2024-02-14 00:00:00
LU1120392870,Yes,1.92,2024-02-14 00:00:00
LU1120398216,Yes,1.89,2022-10-01 00:00:00
LU1125349974,Yes,0.87,2024-02-14 00:00:00
LU1125355518,Yes,0.73,2024-02-14 00:00:00
LU1125359346,Yes,0.73,2024-02-14 00:00:00
LU1125367018,Yes,0.73,2024-02-14 00:00:00
LU1129860224,Yes,0.1,2020-07-01 00:00:00
LU1136954127,Yes,0.73,2022-10-31 00:00:00
LU1142999959,Yes,1.08,2022-10-31 00:00:00
LU1161213365,Yes,0.72,2024-02-14 00:00:00
LU1169991020,Yes,1.89,2022-10-31 00:00:00
LU1179331720,Yes,2.48,2022-10-31 00:00:00
LU1183228433,Yes,1.0,2024-02-14 00:00:00
LU1196326760,Yes,0.72,2024-02-14 00:00:00
LU1205757914,Yes,1.07,2024-02-14 00:00:00
LU1214468123,Yes,1.07,2022-10-31 00:00:00
LU1230490713,Yes,1.89,2022-10-01 00:00:00
LU1259344122,Yes,1.88,2022-10-31 00:00:00
LU1268005920,Yes,1.08,2022-10-31 00:00:00
LU1272163806,Yes,0.79,2024-02-14 00:00:00
LU1273675584,Yes,0.89,2024-02-14 00:00:00
LU1276832042,Yes,1.64,2022-10-31 00:00:00
LU1276832125,Yes,0.88,2024-02-14 00:00:00
LU1276832398,Yes,0.88,2024-02-14 00:00:00
LU1276832471,Yes,0.89,2022-10-31 00:00:00
LU1276832554,Yes,1.09,2022-10-01 00:00:00
LU1276832638,Yes,1.09,2022-10-01 00:00:00
LU1276832711,Yes,1.08,2022-10-31 00:00:00
LU1276832984,Yes,1.07,2024-02-14 00:00:00
LU1276833016,Yes,1.09,2022-10-31 00:00:00
LU1276833107,Yes,0.8,2024-02-14 00:00:00
LU1276833289,Yes,0.8,2024-02-14 00:00:00
LU1276833362,Yes,0.81,2022-10-01 00:00:00
LU1276833446,Yes,0.81,2022-10-01 00:00:00
LU1277655707,Yes,1.64,2022-10-31 00:00:00
LU1280371284,Yes,1.17,2024-02-14 00:00:00
LU1282634382,Yes,1.5,2021-08-17 00:00:00
LU1291149836,Yes,1.88,2022-10-31 00:00:00
LU1291885702,Yes,1.0,2024-03-20 00:00:00
LU1293640501,Yes,1.08,2022-10-31 00:00:00
LU1293647423,Yes,0.89,2022-10-31 00:00:00
LU1301506678,Yes,1.0,2022-10-31 00:00:00
LU1316542601,Yes,1.88,2022-10-31 00:00:00
LU1316542783,Yes,1.88,2022-10-01 00:00:00
LU1316542866,Yes,1.89,2022-10-31 00:00:00
LU1316543088,Yes,1.89,2022-10-31 00:00:00
LU1316543674,Yes,1.95,2022-10-31 00:00:00
LU1321015403,Yes,0.89,2022-10-31 00:00:00
LU1329696717,Yes,1.0,2022-10-01 00:00:00
LU1354345586,Yes,1.0,2022-10-01 00:00:00
LU1368736440,Yes,1.0,2022-10-01 00:00:00
LU1372839644,Yes,1.21,2024-02-14 00:00:00
LU1377839755,Yes,1.03,2022-10-31 00:00:00
LU1377839839,Yes,1.63,2022-10-31 00:00:00
LU1387767350,Yes,1.09,2022-02-25 00:00:00
LU1387767517,Yes,1.38,2022-02-25 00:00:00
LU1387767947,Yes,0.82,2022-02-14 00:00:00
LU1387768325,Yes,1.07,2022-02-14 00:00:00
LU1432398888,Yes,1.03,2024-02-14 00:00:00
LU1446762467,Yes,1.0,2022-10-01 00:00:00
LU1456297057,Yes,1.0,2022-10-01 00:00:00
LU1487946425,Yes,0.4,2022-10-01 00:00:00
LU1492019390,Yes,1.14,2022-02-14 00:00:00
LU1492020059,Yes,0.81,2022-02-25 00:00:00
LU1498519096,Yes,1.08,2024-02-14 00:00:00
LU1508302814,Yes,1.09,2022-02-14 00:00:00
LU1519019134,Yes,1.23,2022-02-25 00:00:00
LU1519019563,Yes,0.99,2022-02-25 00:00:00
LU1519019647,Yes,0.96,2022-02-14 00:00:00
LU1519019720,Yes,0.96,2022-02-14 00:00:00
LU1526027666,Yes,1.0,2024-02-14 00:00:00
LU1526027823,Yes,1.0,2024-03-20 00:00:00
LU1562333077,Yes,1.09,2022-02-14 00:00:00
LU1572378708,Yes,1.88,2024-02-14 00:00:00
LU1572379003,Yes,1.0,2022-10-01 00:00:00
LU1572380191,Yes,2.55,2022-10-01 00:00:00
LU1611731263,Yes,1.9,2022-10-31 00:00:00
LU1618271776,Yes,1.54,2022-10-31 00:00:00
LU1626188228,Yes,1.9,2022-10-31 00:00:00
LU1626188814,Yes,1.0,2022-10-31 00:00:00
LU1627460659,Yes,1.19,2022-10-01 00:00:00
LU1627460816,Yes,1.2,2022-10-01 00:00:00
LU1627461467,Yes,1.2,2022-10-01 00:00:00
LU1627461624,Yes,1.2,2022-10-01 00:00:00
LU1627462861,Yes,0.82,2022-10-01 00:00:00
LU1627463083,Yes,0.82,2022-10-01 00:00:00
LU1627463596,Yes,0.74,2022-10-01 00:00:00
LU1627464305,Yes,0.75,2022-10-01 00:00:00
LU1627464727,Yes,0.56,2022-10-01 00:00:00
LU1627465534,Yes,0.58,2022-10-01 00:00:00
LU1627466425,Yes,0.57,2024-02-14 00:00:00
LU1627466771,Yes,0.56,2022-10-01 00:00:00
LU1627467159,Yes,1.54,2022-10-01 00:00:00
LU1627920678,Yes,1.18,2022-10-01 00:00:00
LU1627921569,Yes,0.75,2022-10-01 00:00:00
LU1665086226,Yes,1.07,2022-10-31 00:00:00
LU1678960227,Yes,0.88,2024-02-14 00:00:00
LU1678960656,Yes,1.17,2024-02-14 00:00:00
LU1678960730,Yes,1.18,2024-02-14 00:00:00
LU1678960813,Yes,1.15,2022-10-31 00:00:00
LU1678960904,Yes,1.12,2022-10-01 00:00:00
LU1678961118,Yes,1.1,2024-02-14 00:00:00
LU1678961381,Yes,0.82,2022-10-01 00:00:00
LU1678961548,Yes,1.08,2022-10-31 00:00:00
LU1678961621,Yes,1.12,2024-02-14 00:00:00
LU1678962272,Yes,0.81,2022-10-31 00:00:00
LU1678962439,Yes,0.81,2022-10-31 00:00:00
LU1678962512,Yes,0.81,2022-10-31 00:00:00
LU1678962942,Yes,1.09,2022-10-01 00:00:00
LU1678963080,Yes,1.09,2022-10-31 00:00:00
LU1678963163,Yes,1.09,2022-10-01 00:00:00
LU1678963247,Yes,1.08,2024-02-14 00:00:00
LU1678963320,Yes,1.08,2024-02-14 00:00:00
LU1678963593,Yes,1.08,2022-10-01 00:00:00
LU1678963759,Yes,1.21,2024-02-14 00:00:00
LU1678964138,Yes,1.07,2024-02-14 00:00:00
LU1678964211,Yes,1.07,2024-02-14 00:00:00
LU1678964302,Yes,1.07,2024-02-14 00:00:00
LU1681824733,Yes,2.14,2022-10-01 00:00:00
LU1807432866,Yes,1.94,2022-10-01 00:00:00
LU1834996701,Yes,0.83,2022-10-01 00:00:00
LU1834997006,Yes,0.83,2022-10-31 00:00:00
LU1897414303,Yes,1.88,2024-02-14 00:00:00
LU1897414485,Yes,1.26,2024-02-14 00:00:00
LU1897414568,Yes,0.99,2024-02-14 00:00:00
LU1897414642,Yes,0.62,2022-02-14 00:00:00
LU1897415292,Yes,0.62,2022-02-14 00:00:00
LU1914905846,Yes,1.08,2022-10-01 00:00:00
LU1914905929,Yes,1.64,2022-10-01 00:00:00
LU1963063232,Yes,1.0,2022-10-31 00:00:00
LU1963063406,Yes,0.57,2022-10-01 00:00:00
LU1963063828,Yes,0.57,2022-10-31 00:00:00
LU1983259539,Yes,1.9,2022-10-01 00:00:00
LU1983259612,Yes,1.1,2022-10-01 00:00:00
LU1983259703,Yes,0.83,2022-10-01 00:00:00
LU1983259885,Yes,1.9,2022-10-01 00:00:00
LU1983259968,Yes,1.09,2022-10-01 00:00:00
LU1983260115,Yes,1.9,2022-10-01 00:00:00
LU1983260206,Yes,1.09,2022-10-01 00:00:00
LU1983260388,Yes,0.85,2022-10-01 00:00:00
LU1983260545,Yes,0.16,2020-02-12 00:00:00
LU1983261782,Yes,1.94,2022-10-01 00:00:00
LU1983261865,Yes,1.14,2022-10-01 00:00:00
LU1983261949,Yes,0.97,2024-02-14 00:00:00
LU1983262087,Yes,,
LU1983262830,Yes,0.6,2022-02-14 00:00:00
LU1983262913,Yes,0.15,2022-02-14 00:00:00
LU1984711439,Yes,0.72,2022-10-01 00:00:00
LU1984711512,Yes,1.89,2022-10-01 00:00:00
LU1984711603,Yes,1.1,2022-10-01 00:00:00
LU1984711785,Yes,0.84,2022-10-01 00:00:00
LU1984711868,Yes,0.72,2022-10-01 00:00:00
LU1984711942,Yes,0.81,2024-02-14 00:00:00
LU1984712320,Yes,1.94,2022-10-01 00:00:00
LU1984712593,Yes,1.14,2022-10-01 00:00:00
LU1984712676,Yes,1.0,2022-10-01 00:00:00
LU1984712759,Yes,1.92,2022-10-01 00:00:00
LU1984713211,Yes,0.72,2022-12-29 00:00:00
LU1988886211,Yes,1.9,2022-10-01 00:00:00
LU1988886302,Yes,1.09,2022-10-01 00:00:00
LU1988886484,Yes,0.85,2022-10-01 00:00:00
LU1988887292,Yes,1.92,2022-10-01 00:00:00
LU1988903081,Yes,0.85,2022-10-01 00:00:00
LU1992142411,Yes,1.5,2022-02-14 00:00:00
LU1992150430,Yes,1.0,2022-02-25 00:00:00
LU2031319176,Yes,0.74,2022-10-01 00:00:00
LU2031319259,Yes,1.11,2022-10-01 00:00:00
LU2031319333,Yes,1.0,2022-10-31 00:00:00
LU2031319416,Yes,0.82,2022-02-25 00:00:00
LU2044158546,Yes,0.85,2022-10-31 00:00:00
LU2044158629,Yes,0.36,2022-02-25 00:00:00
LU2044158892,Yes,0.74,2022-10-01 00:00:00
LU2046586686,Yes,1.2,2022-10-31 00:00:00
LU2046586769,Yes,1.19,2022-10-31 00:00:00
LU2046586843,Yes,1.2,2022-10-31 00:00:00
LU2046587064,Yes,0.57,2022-10-31 00:00:00
LU2051454275,Yes,0.84,2022-02-14 00:00:00
LU2065174687,Yes,1.9,2022-10-31 00:00:00
LU2080999225,Yes,0.56,2022-10-01 00:00:00
LU2114516532,Yes,1.67,2022-10-31 00:00:00
LU2114516615,Yes,1.17,2022-10-31 00:00:00
LU2114516706,Yes,1.12,2022-10-31 00:00:00
LU2114516888,Yes,0.73,2022-10-31 00:00:00
LU2114516961,Yes,1.67,2022-10-31 00:00:00
LU2114517001,Yes,1.17,2022-10-31 00:00:00
LU2114517183,Yes,1.13,2022-10-31 00:00:00
LU2114517266,Yes,0.73,2022-10-31 00:00:00
LU2114517340,Yes,0.12,2022-02-14 00:00:00
LU2116350021,Yes,1.08,2024-02-14 00:00:00
LU2116350294,Yes,0.73,2024-02-14 00:00:00
LU2124902292,Yes,1.13,2022-10-31 00:00:00
LU2124902615,Yes,0.13,2022-02-14 00:00:00
LU2124972667,Yes,1.5,2022-02-14 00:00:00
LU2124972741,Yes,1.0,2022-10-31 00:00:00
LU2124972824,Yes,0.81,2022-10-31 00:00:00
LU2133172291,Yes,1.54,2022-10-31 00:00:00
LU2142073621,Yes,1.0,2022-02-14 00:00:00
LU2155484574,Yes,0.65,2022-02-14 00:00:00
LU2155484657,Yes,0.11,2022-02-14 00:00:00
LU2155484731,Yes,0.11,2022-02-14 00:00:00
LU2155484814,Yes,0.62,2022-02-14 00:00:00
LU2155484905,Yes,0.61,2022-02-14 00:00:00
LU2155485209,Yes,0.62,2022-02-14 00:00:00
LU2183130942,Yes,0.59,2022-10-01 00:00:00
LU2183131163,Yes,0.82,2022-02-25 00:00:00
LU2183131247,Yes,2.58,2022-10-01 00:00:00
LU2210000647,Yes,0.75,2022-10-31 00:00:00
LU2210004557,Yes,1.54,2022-10-01 00:00:00
LU2210026444,Yes,0.94,2023-11-10 00:00:00
LU2210027095,Yes,0.97,2022-10-01 00:00:00
LU2210027335,Yes,0.96,2022-10-01 00:00:00
LU2210027509,Yes,0.97,2022-10-01 00:00:00
LU2210036088,Yes,0.97,2022-10-01 00:00:00
LU2210151267,Yes,1.26,2022-02-14 00:00:00
LU2214901006,Yes,0.85,2022-10-31 00:00:00
LU2214901188,Yes,1.1,2022-02-25 00:00:00
LU2214901261,Yes,1.19,2022-10-31 00:00:00
LU2214901345,Yes,0.81,2022-10-31 00:00:00
LU2214901428,Yes,0.75,2022-10-31 00:00:00
LU2214901691,Yes,0.57,2022-10-31 00:00:00
LU2214901774,Yes,1.9,2022-10-01 00:00:00
LU2214901857,Yes,1.09,2022-10-01 00:00:00
LU2214901931,Yes,0.85,2022-10-01 00:00:00
LU2214902079,Yes,0.72,2022-10-01 00:00:00
LU2214902152,Yes,0.08,2022-02-14 00:00:00
LU2226123144,Yes,1.95,2022-10-31 00:00:00
LU2226123227,Yes,1.95,2022-10-31 00:00:00
LU2226123490,Yes,1.95,2022-10-31 00:00:00
LU2239851657,Yes,0.85,2022-10-01 00:00:00
LU2248076437,Yes,1.0,2022-10-01 00:00:00
LU2253109396,Yes,0.83,2022-10-01 00:00:00
LU2255682606,Yes,0.81,2022-10-31 00:00:00
LU2257828140,Yes,1.5,2022-02-14 00:00:00
LU2260665604,Yes,1.0,2022-02-14 00:00:00
LU2304361186,Yes,1.83,2022-02-14 00:00:00
LU2304361343,Yes,2.52,2022-10-01 00:00:00
LU2333587033,Yes,0.85,2022-10-01 00:00:00
LU2342234379,Yes,0.82,2022-10-01 00:00:00
LU2342234452,Yes,0.57,2022-10-01 00:00:00
LU2342234536,Yes,0.75,2022-10-01 00:00:00
LU2342241150,Yes,1.89,2022-10-01 00:00:00
LU2342241234,Yes,0.6,2022-02-25 00:00:00
LU2342241317,Yes,0.8,2022-10-31 00:00:00
LU2342241408,Yes,0.95,2022-10-31 00:00:00
LU2342241580,Yes,1.19,2022-10-31 00:00:00
LU2342241663,Yes,1.89,2022-10-31 00:00:00
LU2342241747,Yes,0.6,2022-02-25 00:00:00
LU2342242042,Yes,0.95,2022-10-31 00:00:00
LU2342242125,Yes,1.19,2022-10-31 00:00:00
LU2342242398,Yes,1.89,2022-10-31 00:00:00
LU2342242471,Yes,0.55,2022-02-25 00:00:00
LU2342242554,Yes,0.75,2022-10-01 00:00:00
LU2342242638,Yes,0.85,2022-10-01 00:00:00
LU2342242711,Yes,1.08,2022-10-01 00:00:00
LU2342242802,Yes,1.89,2022-10-01 00:00:00
LU2342243016,Yes,0.75,2022-10-01 00:00:00
LU2342243107,Yes,0.85,2022-10-01 00:00:00
LU2342243289,Yes,1.08,2022-10-01 00:00:00
LU2342243362,Yes,1.02,2022-10-01 00:00:00
LU2346853257,Yes,0.75,2022-10-01 00:00:00
LU2351303867,Yes,1.4,2022-02-14 00:00:00
LU2352863430,Yes,1.13,2022-10-31 00:00:00
LU2352863513,Yes,1.13,2022-10-31 00:00:00
LU2364419890,Yes,1.83,2022-02-14 00:00:00
LU2384414632,Yes,1.0,2022-02-25 00:00:00
LU2394801877,Yes,1.0,2022-02-14 00:00:00
LU2401547067,Yes,0.82,2022-10-01 00:00:00
LU2401550368,Yes,1.89,2022-10-01 00:00:00
LU2401550954,Yes,1.89,2022-10-31 00:00:00
LU2401589812,Yes,1.64,2022-10-31 00:00:00
LU2409249609,Yes,,
LU2409249781,Yes,2.22,2022-10-01 00:00:00
LU2427243485,Yes,1.0,2022-02-14 00:00:00
LU2427243568,Yes,1.0,2022-02-14 00:00:00
LU2441282543,Yes,0.09,2022-02-25 00:00:00
LU2441282626,Yes,1.02,2022-10-01 00:00:00
LU2441282899,Yes,1.92,2022-10-01 00:00:00
LU2441282972,Yes,1.92,2022-10-01 00:00:00
LU2441283277,Yes,1.26,2022-10-01 00:00:00
LU2441562746,Yes,1.67,2022-11-18 00:00:00
LU2461273364,Yes,1.88,2022-10-31 00:00:00
LU2505548938,Yes,1.87,2022-10-01 00:00:00
LU2512261566,Yes,0.72,2022-10-31 00:00:00
LU2531796352,Yes,,
LU2531796436,Yes,,
LU2531796519,Yes,,
LU2531796600,Yes,,
LU2531796865,Yes,,
LU2541417809,Yes,1.13,2024-02-14 00:00:00
LU2543851237,Yes,1.12,2022-10-31 00:00:00
LU2543851310,Yes,1.07,2022-10-31 00:00:00
LU2543851401,Yes,1.63,2022-10-31 00:00:00
LU2543851583,Yes,0.72,2022-10-31 00:00:00
LU2545422458,Yes,0.58,2022-11-07 00:00:00
LU2548014708,Yes,,
LU2548014880,Yes,,
LU2548014963,Yes,,
LU2548015002,Yes,,
LU2548015184,Yes,,
LU2548015267,Yes,,
LU2548015341,Yes,,
LU2548015424,Yes,,
LU2548015697,Yes,,
LU2548015770,Yes,,
LU2548016075,Yes,,
LU2553542486,Yes,1.0,2023-02-14 00:00:00
LU2564094709,Yes,1.0,2022-12-29 00:00:00
LU2575866004,Yes,,
LU2577871176,Yes,,
LU2581803488,Yes,,
LU2581803561,Yes,,
LU2581803645,Yes,,
LU2581803728,Yes,,
LU2584107002,Yes,,
LU2584112341,Yes,,
LU2589257349,Yes,,
LU2589257422,Yes,,
LU2599888455,Yes,,
LU2614965189,Yes,1.08,2024-02-14 00:00:00
LU2637236436,Yes,,
LU2637236519,Yes,,
LU2637236782,Yes,,
LU2637236865,Yes,,
LU2645735056,Yes,,
LU2645735130,Yes,,
LU2660304283,Yes,,
LU2660304440,Yes,,
LU2660304796,Yes,,
LU2660304879,Yes,,
LU2660304952,Yes,,
LU2660305090,Yes,,
LU2660305173,Yes,,
LU2660305256,Yes,,
LU2660381604,Yes,,
LU2660381786,Yes,,
LU2660381943,Yes,,
LU2687208392,Yes,,
LU2715956624,Yes,,
LU2725961234,Yes,,
LU2740296764,Yes,,
LU2751675765,Yes,,
LU2760873559,Yes,,
LU2780518978,Yes,,
LU2804514870,Yes,,
LU2826601309,Yes,,
LU2832951920,Yes,,
LU2832952068,Yes,,
LU2832952142,Yes,0.98,2024-06-17 00:00:00
LU2858015675,Yes,,
US4710211057,,,
US4710212048,,,
US4710213038,,,
US4710213111,,,
US4710213293,,,
US4710214028,,,
US4710214366,,,
US4710214515,,,
US4710215017,,,
US4710215504,,,
US4710215686,,,
US4710216189,,,
US4710216429,,,
US4710216676,,,
US4710216759,,,
US4710216833,,,
US4710216916,,,
US4710217096,,,
US4710217179,,,
US4710218656,,,
US4710232004,,,
US4710232343,,,
US4710232426,,,
US4710232590,,,
US4710232673,,,
US4710232756,,,
US4710232830,,,
US4710232913,,,
US4710233093,,,
US4710233176,,,
US4710233259,,,
US4710233333,,,
US4710233416,,,
US4710233580,,,
US4710234570,,,
US4710234653,,,
US4710234737,,,
US4710234810,,,
US4710234992,,,
US4710235072,,,
US4710235155,,,
US4710235239,,,
US4710235494,,,
US4710235643,,,
US4710235726,,,
US4710235981,,,
US4710236062,,,
US4710236484,,,
US4710236559,,,
US4710236633,,,
US4710236716,,,
US4710237623,,,
US4710238043,,,
US4710238209,,,
US4710238381,,,
US4710238464,,,
US4710238530,,,
US4710238795,,,
US4710238878,,,
US47103A1043,,,
US47103A2033,,,
US47103A3023,,,
US47103A4013,,,
US47103A5002,,,
US47103A5671,,,
US47103A5754,,,
US47103A5838,,,
US47103A5911,,,
US47103A6091,,,
US47103A6174,,,
US47103A6257,,,
US47103A6331,,,
US47103A6414,,,
US47103A6588,,,
US47103A6661,,,
US47103A6745,,,
US47103A6828,,,
US47103A6901,,,
US47103A7081,,,
US47103A7164,,,
US47103A7248,,,
US47103A7321,,,
US47103A8071,,,
US47103A8568,,,
US47103A8642,,,
US47103A8725,,,
US47103A8808,,,
US47103B1026,,,
US47103B5084,,,
US47103C1678,,,
US47103C1751,,,
US47103C1835,,,
US47103C1918,,,
US47103C2171,,,
US47103C2254,,,
US47103C2338,,,
US47103C2411,,,
US47103C2585,,,
US47103C2668,,,
US47103C2742,,,
US47103C2825,,,
US47103C2908,,,
US47103C3161,,,
US47103C3245,,,
US47103C3328,,,
US47103C3401,,,
US47103C3575,,,
US47103C3658,,,
US47103C3732,,,
US47103C4490,,,
US47103C4565,,,
US47103C4649,,,
US47103C4722,,,
US47103C4805,,,
US47103C4987,,,
US47103C5067,,,
US47103C5141,,,
US47103C5224,,,
US47103C5307,,,
US47103C5489,,,
US47103C5554,,,
US47103C5638,,,
US47103C5711,,,
US47103C5893,,,
US47103C5976,,,
US47103C6057,,,
US47103C6131,,,
US47103C6214,,,
US47103C6396,,,
US47103C6479,,,
US47103C6545,,,
US47103C7048,,,
US47103C7204,,,
US47103C7386,,,
US47103C7469,,,
US47103C7535,,,
US47103C7618,,,
US47103C7790,,,
US47103C7873,,,
US47103C7956,,,
US47103C8038,,,
US47103C8111,,,
US47103C8293,,,
US47103C8376,,,
US47103C8459,,,
US47103C8525,,,
US47103C8608,,,
US47103C8780,,,
US47103C8863,,,
US47103D1081,,,
US47103D1735,,,
US47103D1818,,,
US47103D1990,,,
US47103D2071,,,
US47103D2980,,,
US47103D3145,,,
US47103D3970,,,
US47103D4051,,,
US47103D4135,,,
US47103D4218,,,
US47103D4390,,,
US47103D4473,,,
US47103D4549,,,
US47103D4622,,,
US47103D4705,,,
US47103D4887,,,
US47103D4960,,,
US47103D5041,,,
US47103D5124,,,
US47103D5207,,,
US47103D5389,,,
US47103D5462,,,
US47103D6031,,,
US47103D7286,,,
US47103D7369,,,
US47103D7443,,,
US47103D7773,,,
US47103D7856,,,
US47103D7930,,,
US47103D8193,,,
US47103D8276,,,
US47103D8359,,,
US47103D8508,,,
US47103D8680,,,
US47103D8763,,,
US47103E1221,,,
US47103E1718,,,
US47103E1890,,,
US47103E1973,,,
US47103E2054,,,
US47103E2138,,,
US47103E2211,,,
US47103E2393,,,
US47103E3045,,,
US47103E3201,,,
US47103E3383,,,
US47103E3466,,,
US47103E3532,,,
US47103E3615,,,
US47103E3797,,,
US47103E3870,,,
US47103E3953,,,
US47103E4035,,,
US47103E4118,,,
US47103E4290,,,
US47103E5024,,,
US47103E6436,,,
US47103E6501,,,
US47103E6683,,,
US47103E6766,,,
US47103E6923,,,
US47103E7004,,,
US47103E7186,,,
US47103E7269,,,
US47103E7343,,,
US47103E7426,,,
US47103E7590,,,
US47103E7756,,,
US47103E7830,,,
US47103E7913,,,
US47103E8333,,,
US47103E8416,,,
US47103E8580,,,
US47103E8663,,,
US47103E8820,,,
US47103U1007,,,
US47103U1007,,,
US47103U2096,,,
US47103U2096,,,
US47103U7467,,,
US47103U7533,,,
US47103U7798,,,
US47103U7954,,,
US47103U8119,,,
US47103U8291,,,
US47103U8457,,,
US47103U8523,,,
US47103U8861,,,
US47103X4438,,,
US47103X4503,,,
US47103X4842,,,
US47103X4925,,,
US47103X5187,,,
US47103X5260,,,
US47103X5344,,,
US47103X5591,,,
US47103X5674,,,
US47103X5914,,,
US47103X6177,,,
US47103X6250,,,
US47103X6334,,,
US47103X6417,,,
US47103X6664,,,
US47103X6748,,,
US47103X7167,,,
US47103X7241,,,
US47103X7324,,,
US47103X7407,,,
US47103X7571,,,
US47103X7738,,,
US47103X7811,,,
US47103X8231,,,
US47103X8314,,,
US47103X8496,,,
US47103X8561,,,
US47103X8645,,,
US47103Y4742,,,
US47103Y4825,,,
US47103Y4908,,,
US47103Y5160,,,
US47103Y5327,,,
US47103Y5400,,,
US47103Y5574,,,
US47103Y5657,,,
US47103Y5731,,,
US47103Y5814,,,
US47103Y5996,,,
US47103Y6150,,,
US47103Y6234,,,
US47103Y6317,,,
US47103Y6499,,,
US47103Y7711,,,
US47103Y7893,,,
US47103Y8214,,,
US47103Y8396,,,
US47103Y8479,,,
US47103Y8545,,,
US47103Y8628,,,
US4710476056,,,
,,,
,,,
,Yes,,
,Yes,,
,Yes,,
,Yes,,
,Yes,,
,Yes,,
,Yes,,
,Yes,,
,,,
,Yes,,
,Yes,,
,,,
,,,
,,,
,,,
,,,
,,,
,,,
,,,
,,,
,,,
,,,
,,,
,,,
,,,
,,,
,,,
,,,
,,,
,,,
,,,
,,,
,,,
,,,
,,,
,,,
,,,
,,,
,,,
,,,
,,,
,,,
,,,
,,,
,,,
,,,
,,,
,,,
,,,
,,,
,,,
,,,
,,,
,,,
,Yes,,
,Yes,,
,Yes,,
,Yes,,
,,,
,,,
,,,
,,,
,,,
,,,
,,,
,,,
,,,
,,,
,,,
,,,
,,,
,,,
,,,
,,,
,,,
,,,
,,,
,,,
,,,
,,,
,,,
,,,
,,,
,,,
,,,
,,,
,,,
,,,
,,,
,,,
,,,
,,,
,,,
,,,
,,,
,,,
,,,
,,,
,,,
,,,
,,,
,,,
,,,
,,,
,,,
,,,
,,,
,,,
,,,
,,,
,,,
,,,
,Yes,,
,,,
,,,
,,,
,,,
,,,
,,,
,,,
,,,
,,,
,,,
,,,
,,,
,,,
,,,
,,,
,,,
,,,
,,,
,,,
,,,
,,,
,,,
,,,
,,,
,,,
,,,
,,,
,,,
,,,
,,,
,,,
,,,
,,,
,,,
,,,
,,,
,,,
,,,
,,,
,,,
,,,
,,,
,,,
,,,
,,,
,,,
,,,
,,,
,,,
,,,
,,,
,,,
,,,
,,,
,,,
,,,
,,,
,,,
,,,
,,,
,,,
,,,
,,,
,,,
,,,
,,,
,,,
,,,
,,,
,,,
,,,
,,,
,,,
,,,
,,,
,Yes,,
,Yes,,
,,,
,,,
,,,
,,,
,,,
,,,
,,,
,,,
,,,
,,,
,,,
,,,
,,,
,,,
,,,
,,,
,,,
,,,
,,,
,,,
,,,
,,,
,,,
,,,
,,,
,,,
,,,
,,,
,,,
,,,
,,,
,,,
,,,
,,,
,,,
,,,
,,,
,,,
,,,
,,,
,,,
,,,
,,,
,,,
,,,
,,,
,,,
,,,
,,,
,,,
,,,
,,,
,,,
,,,
,,,
,,,
,,,
,,,
,,,
,,,
,,,
,,,
,,,
,,,
,,,
,,,
,,,
,,,
,,,
,,,
,,,
,,,
,,,
,,,
,,,
,,,
,,,
,,,
,,,
,,,
,,,
,,,
,,,
,,,
,,,
,,,
,,,
,,,
,,,
,,,
,,,
,,,
,,,
,,,
,,,
,,,
,,,
,,,
,,,
,,,
,,,
,,,
,,,
,,,
,,,
,,,
,,,
,,,
,,,
,,,
,,,
,,,
,,,
,,,
,,,
,,,
,,,
,,,
,,,
,,,
,,,
,,,
,,,
,,,
,,,
,,,
,,,
,,,
,,,
,,,
,,,
,,,
,,,
,,,
,,,
,,,
,,,
,,,
,,,
,,,
,,,
,,,
,,,
,,,
,,,
,,,
,,,
,,,
,,,
,,,
,,,
,,,
,,,
,,,
,,,
,,,
,,,
,,,
,,,
,,,
,,,
,,,
,,,
,,,
,,,
,,,
,,,
,,,
,,,
,,,
,,,
,,,
,,,
,,,
,,,
,,,
,,,
,,,
,,,
,,,
,,,
,,,
,,,
,,,
,,,
,,,
,,,
,,,
,,,
,,,
,,,
,,,
,,,
,,,
,,,
,,,
,,,
,,,
,,,
,,,
,,,
,,,
,,,
,,,
,,,
,,,
,,,
,,,
,,,
,,,
,,,
,,,
,,,
,,,
,,,
,,,
,Yes,,
,,,
,,,
,,,
,,,
,,,
,,,
,,,
,,,
,,,
,,,
,,,
,,,
,,,
,,,
,,,
,,,
,,,
,,,
,,,
,,,
,,,
,,,
,,,
,,,
,,,
,,,
,,,
,,,
,,,
,,,
,,,
,,,
,,,
,,,
,,,
,,,
,,,
,,,
,,,
,,,
,,,
,,,
,,,
,,,
,,,
,,,
,,,
,,,
,,,
,,,
,,,
,,,
,,,
,,,
,,,
,,,
,,,
,,,
,,,
,,,
,,,
,,,
,,,
,,,
,,,
,,,
,,,
,,,
,,,
,,,
,,,
,,,
,,,
,,,
,,,
,,,
,,,
,,,
,,,
,,,
,,,
,,,
,,,
,,,
,,,
,,,
,,,
,,,
,,,
,,,
,,,
,,,
,,,
,,,
,,,
,,,
,,,
,,,
,,,
,,,
,,,
,,,
,,,
,,,
,,,
,,,
,,,
,,,
,,,
,,,
,,,
,,,
,,,
,,,
,,,
,,,
,,,
,,,
,,,
,,,
,,,
,,,
,,,
,,,
,,,
,,,
,,,
,,,
,,,
,,,
,,,
,,,
,,,
,,,
,,,
,,,
,,,
,,,
,,,
,,,
,,,
,,,
,,,
,,,
,,,
,,,
,,,
,,,
,,,
,,,
,,,
,,,
,,,
,,,
,,,
,,,
,,,
,,,
,,,
,,,
,,,
,,,
,Yes,,
,,,
,Yes,,
,,,
,,,
,,,
,,,
,,,
,,,
,,,
,,,
,,,
,,,
,,,
,,,
,,,
,,,
,,,
,,,
,,,
,,,
,,,
,,,
,,,
,,,
,,,
,,,
,,,
,,,
,,,
,,,
,,,
,,,
,,,
,,,
,,,
,,,
,,,
,,,
,,,
,,,
,,,
,,,
,,,
,,,
,,,
,,,
,,,
,,,
,,,
,,,
,,,
,,,
,,,
,,,
,,,
,,,
,,,
,,,
,,,
,,,
,,,
,,,
,,,
,,,
,,,
,,,
,,,
,,,
,,,
,,,
,,,
,,,
,,,
,,,
,,,
,,,
,,,
,,,
,,,
,,,
,,,
,,,
,,,
,,,
,,,
,,,
,,,
,,,
,,,
,,,
,,,
,,,
,,,
,,,
,,,
,,,
,,,
,,,
,,,
,,,
,,,
,,,
,,,
,,,
,,,
,,,
,,,
,,,
,,,
,,,
,,,
,,,
,,,
,,,
,,,
,,,
,,,
,,,
,,,
,,,
,,,
,,,
,,,
,,,
,,,
,,,
,,,
,,,
,,,
,,,
,,,
,,,
,,,
,,,
,,,
,,,
,,,
,,,
,,,
,,,
,,,
,,,
,,,
,,,
,,,
,,,
,,,
,,,
,,,
,,,
,,,
,,,
,,,
,,,
,,,
,,,
,,,
,,,
,,,
,,,
,,,
,,,
,,,
,,,
,,,
,,,
,,,
,,,
,,,
,,,
,,,
,,,
,,,
,,,
,,,
,,,
,,,
,,,
,,,
,,,
,,,
,,,
,,,
,,,
,,,
,,,
,,,
,,,
,,,
,,,
,,,
,,,
,,,
,,,
,,,
,,,
,,,
,,,
,,,
,,,
,,,
,,,
,,,
,,,
,,,
,,,
,,,
,,,
,,,
,,,
,,,
,,,
,,,
,,,
,,,
,,,
,,,
,,,
,,,
,,,
,,,
,,,
,,,
,,,
,,,
,,,
,,,
,,,
,,,
,,,
,,,
,,,
,,,
,,,
,,,
,,,
,,,
,,,
,,,
,,,
,,,
,,,
,,,
,,,
,,,
,,,
,,,
,,,
,,,
,,,
,,,
,,,
,,,
,,,
,,,
,,,
,,,
,,,
,,,
,,,
,,,
,,,
,,,
,,,
,,,
,,,
,,,
,,,
,,,
,,,
,,,
,,,
,,,
,,,
,,,
,,,
,,,
,,,
,,,
,,,
,,,
,,,
,,,
,,,
,,,
,,,
,Yes,,
,,,
,,,
,,,
,,,
,,,
,,,
,,,
,,,
,,,
,,,
,,,
,,,
,,,
,,,
,,,
,,,
,,,
,,,
,,,
,,,
,,,
,,,
,,,
,,,
,,,
,,,
,,,
,,,
,,,
,,,
,,,
,,,
,,,
,,,
,,,
,,,
,,,
,,,
,,,
,,,
,,,
,,,
,,,
,,,
,,,
,,,
,,,
,,,
,,,
,,,
,,,
,,,
,,,
,,,
,,,
,,,
,,,
,,,
,,,
,,,
,,,
,,,
,,,
,,,
,,,
,,,
,,,
,,,
,,,
,,,
,,,
,,,
,,,
,,,
,,,
,,,
,,,
,,,
,,,
,,,
,,,
,,,
,,,
,,,
,,,
,,,
,,,
,,,
,,,
,,,
,,,
,Yes,,
,Yes,,
,Yes,,
,Yes,,
,Yes,,
,,,
,,,
,,,
,,,
,,,
,,,
,,,
,,,
,,,
,,,
,,,
,Yes,,
,Yes,,
,,,
,,,
,,,
,,,
,,,
,,,
,,,
,,,
,,,
,,,
,,,
,,,
,,,
,,,
,,,
,Yes,,
,,,
,,,
,No,,
,,,
,,,
,Yes,,
,Yes,,
,,,
,,,
,,,
,,,
,,,
,,,
,Yes,,
,,,
,,,
,,,
,,,
,,,
,,,
,,,
,,,
,,,
,,,
,,,
,,,
,,,
,,,
,,,
,,,
,,,
,,,
,,,
,,,
,,,
,,,
,,,
,,,
,,,
,,,
,,,
,,,
,,,
,,,
,,,
,,,
,,,
,,,
,,,
,,,
,,,
,,,
,,,
,,,
,,,
,,,
,,,
,,,
,,,
,,,
,,,
,,,
,,,
,,,
,,,
,,,
,,,
,,,
,,,
,,,
,,,
,,,
,,,
,,,
,,,
,,,
,,,
,,,
,,,
,,,
,,,
,,,
,,,
,,,
,,,
,,,
,,,
,,,
,,,
,,,
,,,
,,,
,,,
,,,
,,,
,,,
,,,
,,,
,,,
,,,
,,,
,,,
,,,
,,,
,,,
,,,
,,,
,,,
,,,
,,,
,,,
,,,
,,,
,,,
,,,
,,,
,,,
,,,
,,,
,,,
,,,
,,,
,,,
,,,
,,,
,,,
,,,
,,,
,,,
,,,
,,,
,,,
,,,
,,,
,,,
,,,
,,,
,,,
,,,
,,,
,,,
,,,
,,,
,,,
,,,
,,,
,,,
,,,
,,,
,,,
,,,
,,,
,,,
,,,
,,,
,,,
,,,
,,,
,,,
,,,
,,,
,,,
,,,
,,,
,,,
,,,
,,,
,,,
,,,
,,,
,,,
,,,
,,,
,,,
,,,
,,,
,,,
,,,
,,,
,,,
,,,
,,,
,,,
,,,
,,,
,,,
,,,
,,,
,,,
,,,
,,,
,,,
,,,
,,,
,,,
,,,
,,,
,,,
,,,
,,,
,,,
,,,
,,,
,,,
,,,
,,,
,,,
,,,
,,,
,,,
,,,
,,,
,,,
,,,
,,,
,,,
,,,
,,,
,,,
,,,
,,,
,,,
,,,
,,,
,,,
,,,
,,,
,,,
,,,
,,,
,,,
,,,
,,,
,,,
,,,
,,,
,,,
,,,
,,,
,,,
,,,
,,,
,,,
,,,
,,,
,,,
,,,
,,,
,,,
,,,
,,,
,,,
,,,
,,,
,,,
,,,
,,,
,,,
,,,
,,,
,,,
,,,
,,,
,,,
,,,
,,,
,,,
,,,
,,,
,,,
,,,
,,,
,,,
,,,
,,,
,,,
,,,
,,,
,,,
,,,
,,,
,,,
,,,
,,,
,,,
,,,
,,,
,,,
,,,
,,,
,,,
,,,
,,,
,,,
,,,
,,,
,,,
,,,
,,,
,,,
,,,
,,,
,,,
,,,
,,,
,,,
,,,
,Yes,,
,Yes,,
,Yes,,
,Yes,,
,Yes,,
,Yes,,
,Yes,,
,Yes,,
,Yes,,
,No,,
,Yes,,
,No,,
,Yes,,
,Yes,,
,No,,
,Yes,,
,Yes,,
,Yes,,
,No,,
,No,,
,Yes,,
,Yes,,
,Yes,,
,Yes,,
,Yes,,
,Yes,,
,No,,
,No,,
,Yes,,
,Yes,,
,Yes,,
,Yes,,
,Yes,,
,Yes,,
,Yes,,
,Yes,,
,Yes,,
,Yes,,
,Yes,,
,Yes,,
,Yes,,
,,,
,Yes,,
,,,
,,,
,,,
,,,
,,,
,,,
,,,
,,,
,Yes,,
,Yes,,
,Yes,,
,Yes,,
,No,,
,Yes,,
,Yes,,
,No,,
,Yes,,
,Yes,,
,Yes,,
,Yes,,
,Yes,,
,Yes,,
,Yes,,
,Yes,,
,No,,
,Yes,,
,,,
,No,,
,,,
,,,
,,,
,,,
,,,
,,,
,,,
,,,
,,,
,,,
,,,
,,,
,,,
,,,
,,,
,,,
,,,
,,,
,,,
,,,
,,,
,,,
,,,
,,,
,,,
,,,
,,,
,,,
,,,
,,,
,,,
,,,
,,,
,,,
,,,
,,,
,,,
,,,
,,,
,,,
,,,
,,,
,,,
,,,
,,,
,,,
,,,
,,,
,No,,
,,,
,,,
,,,
,,,
,,,
,,,
,,,
,,,
,,,
,,,
,,,
,,,
,,,
,,,
,,,
,,,
,,,
,,,
,,,
,,,
,,,
,,,
,,,
,,,
,,,
,,,
,,,
,,,
,,,
,,,
,,,
,,,
,,,
,,,
,,,
,,,
,,,
,,,
,,,
,,,
,,,
,,,
,,,
,,,
,,,
,,,
,,,
,,,
,,,
,,,
,,,
,,,
,,,
,,,
,,,
,,,
,,,
,,,
,,,
,,,
,,,
,,,
,,,
,,,
,,,
,,,
,,,
,,,
,,,
,,,
,,,
,,,
,,,
,,,
,,,
,,,
,,,
,,,
,,,
,,,
,,,
,,,
,,,
,,,
,,,
,,,
,,,
,,,
,,,
,,,
,,,
,,,
,,,
,,,
,,,
,,,
,,,
,,,
,,,
,,,
,,,
,,,
,,,
,,,
,,,
,,,
,,,
,,,
,,,
,,,
,,,
,,,
,,,
,,,
,,,
,,,
,,,
,,,
,,,
,,,
,,,
,,,
,,,
,,,
,,,
,,,
,,,
,,,
,,,
,,,
,,,
,,,
,,,
,,,
,,,
,,,
,,,
,,,
,,,
,,,
,,,
,,,
,,,
,,,
,,,
,,,
,,,
,,,
,,,
,,,
,,,
,,,
,,,
,,,
,,,
,,,
,,,
,,,
,,,
,,,
,,,
,,,
,,,
,,,
,,,
,,,
,,,
,,,
,,,
,,,
,,,
,,,
,,,
,,,
,,,
,,,
,,,
,,,
,,,
,,,
,,,
,,,
,,,
,,,
,,,
,,,
,,,
,,,
,,,
,,,
,,,
,,,
,,,
,,,
,,,
,,,
,,,
,,,
,,,
,,,
,,,
,,,
,,,
,,,
,,,
,,,
,,,
,,,
,,,
,,,
,,,
,,,
,,,
,,,
,,,
,,,
,,,
,,,
,,,
,,,
,,,
,,,
,,,
,,,
,,,
,,,
,,,
,,,
,,,
,,,
,,,
,,,
,,,
,,,
,,,
,,,
,,,
,,,
,,,
,,,
,,,
,,,
,,,
,,,
,,,
,,,
,,,
,,,
,,,
,,,
,,,
,,,
,,,
,,,
,,,
,,,
,,,
,,,
,,,
,,,
,,,
,,,
,,,
,,,
,,,
,,,
,,,
,,,
,,,
,,,
,,,
,,,
,,,
,,,
,,,
,,,
,,,
,,,
,,,
,,,
,,,
,,,
,,,
,,,
,,,
,,,
,,,
,,,
,,,
,,,
,,,
,,,
,,,
,,,
,,,
,,,
,,,
,,,
,,,
,,,
,,,
,,,
,,,
,,,
,,,
,,,
,,,
,,,
,,,
,,,
,,,
,,,
,,,
,,,
,,,
,,,
,,,
,,,
,,,
,,,
,,,
,,,
,,,
,,,
,,,
,,,
,,,
,,,
,,,
,,,
,,,
,,,
,,,
,,,
,,,
,,,
,,,
,,,
,,,
,,,
,,,
,,,
,,,
,,,
,,,
,,,
,,,
,,,
,,,
,,,
,,,
,,,
,,,
,,,
,,,
,,,
,,,
,,,
,,,
,,,
,,,
,,,
,,,
,,,
,,,
,,,
,,,
,,,
,,,
,,,
,,,
,,,
,,,
,,,
,,,
,,,
,,,
,,,
,,,
,,,
,,,
,,,
,,,
,,,
,,,
,,,
,,,
,,,
,,,
,,,
,,,
,,,
,,,
,,,
,,,
,,,
,,,
,,,
,,,
,,,
,,,
,,,
,,,
,,,
,,,
,,,
,,,
,,,
,,,
,,,
,,,
,,,
,,,
,,,
,,,
,,,
,,,
,,,
,,,
,,,
,,,
,,,
,,,
,,,
,,,
,,,
,,,
,,,
,,,
,,,
,,,
,,,
,,,
,,,
,,,
,,,
,,,
,,,
,,,
,,,
,,,
,,,
,,,
,,,
,,,
,,,
,,,
,,,
,,,
,,,
,,,
,,,
,,,
,,,
,,,
,,,
,,,
,,,
,,,
,,,
,,,
,,,
,,,
,,,
,,,
,,,
,,,
,,,
,,,
,,,
,,,
,,,
,,,
,,,
,,,
,,,
,,,
,,,
,,,
,,,
,,,
,,,
,,,
,,,
,,,
,,,
,,,
,,,
,,,
,,,
,,,
,,,
,,,
,,,
,,,
,,,
,,,
,,,
,,,
,,,
,,,
,,,
,,,
,,,
,,,
,,,
,,,
,,,
,,,
,,,
,,,
,,,
,,,
,,,
,,,
,,,
,,,
,,,
,,,
,,,
,,,
,,,
,,,
,,,
,,,
,,,
,,,
,,,
,,,
,,,
,,,
,,,
,,,
,,,
,,,
,,,
,,,
,,,
,,,
,,,
,,,
,,,
,,,
,,,
,,,
,,,
,,,
,,,
,,,
,,,
,,,
,,,
,,,
,,,
,,,
,,,
,,,
,,,
,,,
,,,
,,,
,,,
,,,
,,,
,,,
,,,
,,,
,,,
,,,
,,,
,,,
,,,
,,,
,,,
,,,
,,,
,,,
,,,
,,,
,,,
,,,
,,,
,,,
,,,
,,,
,,,
,,,
,,,
,,,
,,,
,,,
,,,
,,,
,,,
,,,
,,,
,,,
,,,
,,,
,,,
,,,
,,,
,,,
,,,
,,,
,,,
,,,
,,,
,,,
,,,
,,,
,,,
,,,
,,,
,,,
,,,
,,,
,,,
,,,
,,,
,,,
,,,
,,,
,,,
,,,
,,,
,,,
,,,
,,,
,,,
,,,
,,,
,,,
,,,
,,,
,,,
,,,
,,,
,,,
,,,
,,,
,,,
,,,
,,,
,,,
,,,
,,,
,,,
,,,
,,,
,,,
,,,
,,,
,,,
,,,
,,,
,,,
,,,
,,,
,,,
,,,
,,,
,,,
,,,
,,,
,,,
,,,
,,,
,,,
,,,
,,,
,,,
,,,
,,,
,,,
,,,
,,,
,,,
,,,
,,,
,,,
,,,
,,,
,,,
,,,
,,,
,,,
,,,
,,,
,,,
,,,
,,,
,,,
,,,
,,,
,,,
,,,
,,,
,,,
,,,
,,,
,,,
,,,
,,,
,,,
,,,
,,,
,,,
,,,
,,,
,,,
,,,
,,,
,,,
,,,
,,,
,,,
,,,
,,,
,,,
,,,
,,,
,,,
,,,
,,,
,,,
,,,
,,,
,,,
,,,
,,,
,,,
,,,
,,,
,,,
,,,
,,,
,,,
,,,
,,,
,,,
,,,
,,,
,,,
,,,
,,,
,,,
,,,
,,,
,,,
,,,
,,,
,,,
,,,
,,,
,,,
,,,
,,,
,,,
,,,
,,,
,,,
,,,
,,,
,,,
,,,
,,,
,,,
,,,
,,,
,,,
,,,
,,,
,,,
,,,
,,,
,,,
,,,
,,,
,,,
,,,
,,,
,,,
,,,
,,,
,,,
,,,
,,,
,,,
,,,
,,,
,,,
,,,
,,,
,,,
,,,
,,,
,,,
,,,
,,,
,,,
,,,
,,,
,,,
,,,
,,,
,,,
,,,
,,,
,,,
,,,
,,,
,,,
,,,
,,,
,,,
,,,
,,,
,,,
,,,
,,,
,,,
,,,
,,,
,,,
,,,
,,,
,,,
,,,
,,,
,,,
,,,
,,,
,,,
,,,
,,,
,,,
,,,
,,,
,,,
,,,
,,,
,,,
,,,
,,,
,,,
,,,
,,,
,,,
,,,
,,,
,,,
,,,
,,,
,,,
,,,
,,,
,,,
,,,
,,,
,,,
,,,
,,,
,,,
,,,
,,,
,,,
,,,
,,,
,,,
,,,
,,,
,,,
,,,
,,,
,,,
,,,
,,,
,,,
,,,
,,,
,,,
,,,
,,,
,,,
,,,
,,,
,,,
,,,
,,,
,,,
,,,
,,,
,,,
,,,
,,,
,,,
,,,
,,,
,,,
,,,
,,,
,,,
,,,
,,,
,,,
,,,
,,,
,,,
,,,
,,,
,,,
,,,
,,,
,,,
,,,
,,,
,,,
,,,
,,,
,,,
,,,
,,,
,,,
,,,
,,,
,,,
,,,
,,,
,,,
,,,
,,,
,,,
,,,
,,,
,,,
,,,
,,,
,,,
,,,
,,,
,,,
,,,
,,,
,,,
,,,
,,,
,,,
,,,
,,,
,,,
,,,
,,,
,,,
,,,
,,,
,,,
,,,
,,,
,,,
,,,
,,,
,,,
,,,
,,,
,,,
,,,
,,,
,,,
,,,
,,,
,,,
,,,
,,,
,,,
,,,
,,,
,,,
,,,
,,,
,,,
,,,
,,,
,,,
,,,
,,,
,,,
,,,
,,,
,,,
,,,
,,,
,,,
,,,
,,,
,,,
,,,
,,,
,,,
,,,
,,,
,,,
,,,
,,,
,,,
,,,
,,,
,,,
,,,
,,,
,,,
,,,
,,,
,,,
,,,
,,,
,,,
,,,
,,,
,,,
,,,
,,,
,,,
,,,
,,,
,,,
,,,
,,,
,,,
,,,
,,,
,,,
,,,
,,,
,,,
,,,
,,,
,,,
,,,
,,,
,,,
,,,
,,,
,,,
,,,
,,,
,,,
,,,
,,,
,,,
,,,
,,,
,,,
,,,
,,,
,,,
,,,
,,,
,,,
,,,
,,,
,,,
,,,
,,,
,,,
,,,
,,,
,,,
,,,
,,,
,,,
,,,
,,,
,,,
,,,
,,,
,,,
,,,
,,,
,,,
,,,
,,,
,,,
,,,
,,,
,,,
,,,
,,,
,,,
,,,
,,,
,,,
,,,
,,,
,,,
,,,
,,,
,,,
,,,
,,,
,,,
,,,
,,,
,,,
,,,
,,,
,,,
,,,
,,,
,,,
,,,
,,,
,,,
,,,
,,,
,,,
,,,
,,,
,,,
,,,
,,,
,,,
,,,
,,,
,,,
,,,
,,,
,,,
,,,
,,,
,,,
,,,
,,,
,,,
,,,
,,,
,,,
,,,
,,,
,,,
,,,
,,,
,,,
,,,
,,,
,,,
,,,
,,,
,,,
,,,
,,,
,,,
,,,
,,,
,,,
,,,
,,,
,,,
,,,
,,,
,,,
,,,
,,,
,,,
,,,
,,,
,,,
,,,
,,,
,,,
,,,
,,,
,,,
,,,
,,,
,,,
,,,
,,,
,,,
,,,
,,,
,,,
,,,
,,,
,,,
,,,
,,,
,,,
,,,
,,,
,,,
,,,
,,,
,,,
,,,
,,,
,,,
,,,
,,,
,,,
,,,
,,,
,,,
,,,
,,,
,,,
,,,
,,,
,,,
,,,
,,,
,,,
,,,
,,,
,,,
,,,
,,,
,,,
,,,
,,,
,,,
,,,
,,,
,,,
,,,
,,,
,,,
,,,
,,,
,,,
,,,
,,,
,,,
,,,
,,,
,,,
,,,
,,,
,,,
,,,
,,,
,,,
,,,
,,,
,,,
,,,
,,,
,,,
,,,
,,,
,,,
,,,
,,,
,,,
,,,
,,,
,,,
,,,
,,,
,,,
,,,
,,,
,,,
,,,
,,,
,,,
,,,
,,,
,,,
,,,
,,,
,,,
,,,
,,,
,,,
,,,
,,,
,,,
,,,
,,,
,,,
,,,
,,,
,,,
,,,
,,,
,,,
,,,
,,,
,,,
,,,
,,,
,,,
,,,
,,,
,,,
,,,
,,,
,,,
,,,
,,,
,,,
,,,
,,,
,,,
,,,
,,,
,,,
,,,
,,,
,,,
,,,
,,,
,,,
,,,
,,,
,,,
,,,
,,,
,,,
,,,
,,,
,,,
,,,
,,,
,,,
,,,
,,,
,,,
,,,
,,,
,,,
,,,
,,,
,,,
,,,
,,,
,,,
,,,
,,,
,,,
,,,
,,,
,,,
,,,
,,,
,,,
,,,
,,,
,,,
,,,
,,,
,,,
,,,
,,,
,,,
,,,
,,,
,,,
,,,
,,,
,,,
,,,
,,,
,,,
,,,
,,,
,,,
,,,
,,,
,,,
,,,
,,,
,,,
,,,
,,,
,,,
,,,
,,,
,,,
,,,
,,,
,,,
,,,
,,,
,,,
,,,
,,,
,,,
,,,
,,,
,,,
,,,
,,,
,,,
,,,
,,,
,,,
,,,
,,,
,,,
,,,
,,,
,,,
,,,
,,,
,,,
,,,
,,,
,,,
,,,
,,,
,,,
,,,
,,,
,,,
,,,
,,,
,,,
,,,
,,,
,,,
,,,
,,,
,,,
,,,
,,,
,,,
,,,
,,,
,,,
,,,
,,,
,,,
,,,
,,,
,,,
,,,
,,,
,,,
,,,
,,,
,,,
,,,
,,,
,,,
,,,
,,,
,,,
,,,
,,,
,,,
,,,
,,,
,,,
,,,
,,,
,,,
,,,
,,,
,,,
,,,
,,,
,,,
,,,
,,,
,,,
,,,
,,,
,,,
,,,
,,,
,,,
,,,
,,,
,,,
,,,
,,,
,,,
,,,
,,,
,,,
,,,
,,,
,,,
,,,
,,,
,,,
,,,
,,,
,,,
,,,
,,,
,,,
,,,
,,,
,,,
,,,
,,,
,,,
,,,
,,,
,,,
,,,
,,,
,,,
,,,
,,,
,,,
,,,
,,,
,,,
,,,
,,,
,,,
,,,
,,,
,,,
,,,
,,,
,,,
,,,
,,,
,,,
,,,
,,,
,,,
,,,
,,,
,,,
,,,
,,,
,,,
,,,
,,,
,,,
,,,
,,,
,,,
,,,
,,,
,,,
,,,
,,,
,,,
,,,
,,,
,,,
,,,
,,,
,,,
,,,
,,,
,,,
,,,
,,,
,,,
,,,
,,,
,,,
,,,
,,,
,,,
,,,
,,,
,,,
,,,
,,,
,,,
,,,
,,,
,,,
,,,
,,,
,,,
,,,
,,,
,,,
,,,
,,,
,,,
,,,
,,,
,,,
,,0.73,
,,1.0,
,,1.18,
,,1.87,
,,1300.8,
,,1.2191190253045923,
2007,1786,1067.0,1067
,,3.42,
,,0.0,
,,1.08,
,,0.6333581630821259,
