ISIN,Launch Date                 (M* Inception Date)
AU60ETL01863,2009-12-18 00:00:00.000000000
AU60ETL03315,2012-07-01 00:00:00.000000000
AU60HGI17949,2021-03-01 00:00:00.000000000
AU60HGI34266,2022-03-09 00:00:00.000000000
AU60HGI37475,2023-02-07 00:00:00.000000000
AU60HGI41881,2024-07-16 00:00:00.000000000
AU60HGI46484,2020-06-03 00:00:00.000000000
AU60HGI54686,2023-08-09 00:00:00.000000000
AU60HGI59909,2024-04-11 00:00:00.000000000
AU60HGI71276,2021-09-01 00:00:00.000000000
AU60HGI84469,2022-03-23 00:00:00.000000000
AU60HOW00528,2007-05-31 00:00:00.000000000
AU60HOW01658,2007-05-31 00:00:00.000000000
AU60HOW55043,2019-11-06 00:00:00.000000000
AU60HOW87434,2018-08-16 00:00:00.000000000
AU60IOF00463,1994-06-28 00:00:00.000000000
AU60IOF00471,1994-06-28 00:00:00.000000000
AU60IOF01115,2002-08-01 00:00:00.000000000
AU60IOF01131,2002-08-01 00:00:00.000000000
AU60IOF01271,2012-10-31 00:00:00.000000000
AU60IOF01412,2008-07-31 00:00:00.000000000
AU60IOF01453,2009-06-30 00:00:00.000000000
GB0001920486,1979-04-11 00:00:00.000000000
GB0001990497,1891-01-01 00:00:00.000000000
GB0002540127,1998-02-27 00:00:00.000000000
GB0002725421,2001-03-19 00:00:00.000000000
GB0003243465,1994-05-04 00:00:00.000000000
GB0004489455,2000-10-24 00:00:00.000000000
GB0005027221,1991-08-01 00:00:00.000000000
GB0005027338,1995-05-15 00:00:00.000000000
GB0005030043,1991-08-01 00:00:00.000000000
GB0005030373,1995-05-15 00:00:00.000000000
GB0007017907,1988-04-22 00:00:00.000000000
GB0007018194,1982-02-18 00:00:00.000000000
GB0007033870,1988-04-22 00:00:00.000000000
GB0007447286,1983-01-31 00:00:00.000000000
GB0007447625,1989-11-30 00:00:00.000000000
GB0007451072,1997-12-18 00:00:00.000000000
GB0007451965,1997-12-18 00:00:00.000000000
GB0007452377,2000-09-04 00:00:00.000000000
GB0007476087,1985-01-28 00:00:00.000000000
GB0007476426,1985-01-28 00:00:00.000000000
GB0007493033,1974-10-01 00:00:00.000000000
GB0007493470,1974-09-30 00:00:00.000000000
GB0007494221,1974-10-01 00:00:00.000000000
GB0007495293,2003-11-25 00:00:00.000000000
GB0007502080,2003-11-25 00:00:00.000000000
GB0007533820,2003-11-25 00:00:00.000000000
GB0007673055,1998-02-08 00:00:00.000000000
GB0007674244,1993-06-25 00:00:00.000000000
GB0007674467,1993-06-25 00:00:00.000000000
GB0007680183,1990-09-28 00:00:00.000000000
GB0007681603,1979-10-29 00:00:00.000000000
GB0007683203,1974-10-01 00:00:00.000000000
GB0007685026,1974-10-01 00:00:00.000000000
GB0007698847,1984-10-08 00:00:00.000000000
GB0007716078,1984-10-08 00:00:00.000000000
GB0009065060,1887-12-16 00:00:00.000000000
GB0009580571,1989-12-01 00:00:00.000000000
GB0030617699,2001-07-20 00:00:00.000000000
GB0030617707,2001-07-20 00:00:00.000000000
GB0030956832,2001-11-09 00:00:00.000000000
GB0030956949,2001-11-09 00:00:00.000000000
GB0031250524,2002-02-22 00:00:00.000000000
GB0031263899,2002-02-25 00:00:00.000000000
GB0031412744,1997-07-30 00:00:00.000000000
GB0031412850,1997-06-27 00:00:00.000000000
GB0031412967,1997-06-01 00:00:00.000000000
GB0031413049,1997-06-01 00:00:00.000000000
GB0031413593,1996-06-28 00:00:00.000000000
GB0031429219,1889-12-12 00:00:00.000000000
GB0031833402,2002-02-08 00:00:00.000000000
GB0031860595,2001-01-31 00:00:00.000000000
GB0031860934,1983-03-31 00:00:00.000000000
GB0031861015,1987-02-27 00:00:00.000000000
GB0031919235,2003-05-16 00:00:00.000000000
GB0031919342,2001-12-28 00:00:00.000000000
GB0032437948,1984-08-31 00:00:00.000000000
GB0032438466,1976-01-26 00:00:00.000000000
GB0032473653,2003-01-20 00:00:00.000000000
GB0032477308,2003-02-03 00:00:00.000000000
GB0032477522,2003-02-10 00:00:00.000000000
GB0032477639,2003-02-03 00:00:00.000000000
GB0033514828,2004-06-10 00:00:00.000000000
GB0033515122,2004-08-11 00:00:00.000000000
GB0033681031,2009-05-11 00:00:00.000000000
GB0034219328,2004-06-11 00:00:00.000000000
GB0034219435,2004-02-16 00:00:00.000000000
GB0034219658,2004-06-11 00:00:00.000000000
GB0034219989,2004-02-23 00:00:00.000000000
GB0034276286,2004-02-16 00:00:00.000000000
GB00B00K2P80,2006-01-23 00:00:00.000000000
GB00B00K2Q97,2005-12-01 00:00:00.000000000
GB00B00K2R05,2006-03-09 00:00:00.000000000
GB00B00K2Z88,2006-02-24 00:00:00.000000000
GB00B00K3006,2007-09-25 00:00:00.000000000
GB00B00K3113,2006-02-24 00:00:00.000000000
GB00B020H958,2005-12-06 00:00:00.000000000
GB00B02W2291,2004-10-01 00:00:00.000000000
GB00B02ZBV03,2005-05-18 00:00:00.000000000
GB00B02ZBX27,2005-02-28 00:00:00.000000000
GB00B03TNM64,2005-01-04 00:00:00.000000000
GB00B03TPL97,2005-02-01 00:00:00.000000000
GB00B06L7J47,2009-12-08 00:00:00.000000000
GB00B0D09R62,2005-12-01 00:00:00.000000000
GB00B0JYQW68,2006-01-20 00:00:00.000000000
GB00B0LYSF14,2005-12-01 00:00:00.000000000
GB00B0LYSG21,2006-03-09 00:00:00.000000000
GB00B0LYSH38,2006-02-24 00:00:00.000000000
GB00B0LZBB16,2006-01-20 00:00:00.000000000
GB00B1809L28,2006-08-15 00:00:00.000000000
GB00B19FLZ44,1987-07-30 00:00:00.000000000
GB00B1CKQF12,2006-09-25 00:00:00.000000000
GB00B1CKS446,2006-09-25 00:00:00.000000000
GB00B1GJNX12,1991-05-29 00:00:00.000000000
GB00B1L74484,2007-01-29 00:00:00.000000000
GB00B1WPDJ97,2010-06-21 00:00:00.000000000
GB00B1WSC029,2007-07-31 00:00:00.000000000
GB00B1WSC573,2010-06-21 00:00:00.000000000
GB00B3B4JF96,2008-08-14 00:00:00.000000000
GB00B3CPX151,2009-01-29 00:00:00.000000000
GB00B3CPX375,2009-01-29 00:00:00.000000000
GB00B3DYKR64,2008-12-01 00:00:00.000000000
GB00B3MX6Y33,2011-10-14 00:00:00.000000000
GB00B3PHCS86,2011-04-28 00:00:00.000000000
GB00B3PJPM93,2011-04-06 00:00:00.000000000
GB00B3VZC642,2009-08-28 00:00:00.000000000
GB00B409PD29,2011-08-12 00:00:00.000000000
GB00B412VB02,2011-08-25 00:00:00.000000000
GB00B41FZF10,2011-08-12 00:00:00.000000000
GB00B463Y203,2012-07-23 00:00:00.000000000
GB00B4JTJZ34,2011-08-12 00:00:00.000000000
GB00B4JVX467,2009-10-01 00:00:00.000000000
GB00B4KX5S91,2011-08-12 00:00:00.000000000
GB00B4KXCG68,2011-08-12 00:00:00.000000000
GB00B4LMJ388,2000-10-24 00:00:00.000000000
GB00B4N77D77,2011-08-12 00:00:00.000000000
GB00B4P4R697,2012-07-23 00:00:00.000000000
GB00B4X2C594,2011-11-11 00:00:00.000000000
GB00B4Y1C447,2012-03-30 00:00:00.000000000
GB00B4YXVT80,2011-11-11 00:00:00.000000000
GB00B51L3292,2012-07-11 00:00:00.000000000
GB00B54J0L85,2012-08-01 00:00:00.000000000
GB00B57LBZ25,2011-05-13 00:00:00.000000000
GB00B58RLX77,2009-11-09 00:00:00.000000000
GB00B5BTGN53,2012-03-05 00:00:00.000000000
GB00B5KKCS68,2009-04-29 00:00:00.000000000
GB00B5KKCX12,2009-04-29 00:00:00.000000000
GB00B5KTVV95,2012-05-11 00:00:00.000000000
GB00B5T7PM36,2011-07-27 00:00:00.000000000
GB00B5TPWM66,2012-08-01 00:00:00.000000000
GB00B5VYGQ34,2010-05-07 00:00:00.000000000
GB00B5WGH651,2011-05-13 00:00:00.000000000
GB00B6193536,2010-02-22 00:00:00.000000000
GB00B61H3Z77,2011-02-28 00:00:00.000000000
GB00B62HVR46,2012-05-04 00:00:00.000000000
GB00B62SGY92,2010-02-22 00:00:00.000000000
GB00B63CMG44,2011-02-28 00:00:00.000000000
GB00B6715Q82,2009-08-17 00:00:00.000000000
GB00B68SFJ13,2012-08-01 00:00:00.000000000
GB00B6RQV980,2011-09-16 00:00:00.000000000
GB00B6RRQ855,2011-09-19 00:00:00.000000000
GB00B6RRQB82,2011-09-19 00:00:00.000000000
GB00B6TX3022,2012-03-07 00:00:00.000000000
GB00B6XY7V09,2012-08-01 00:00:00.000000000
GB00B6ZHN203,2012-07-23 00:00:00.000000000
GB00B716PN33,2012-07-11 00:00:00.000000000
GB00B71DPP64,2012-07-23 00:00:00.000000000
GB00B74TXK27,2012-04-30 00:00:00.000000000
GB00B79BVS75,2012-04-30 00:00:00.000000000
GB00B7BX6S68,2012-05-04 00:00:00.000000000
GB00B7GSYN71,2012-05-04 00:00:00.000000000
GB00B7JZZK97,2013-04-08 00:00:00.000000000
GB00B7KYJH09,2012-07-23 00:00:00.000000000
GB00B7M85J46,2012-09-24 00:00:00.000000000
GB00B7MM5299,2012-07-11 00:00:00.000000000
GB00B7N1FP89,2012-07-11 00:00:00.000000000
GB00B7VD8806,2012-06-29 00:00:00.000000000
GB00B7VD9Z41,2012-07-18 00:00:00.000000000
GB00B7YR0M72,2012-09-24 00:00:00.000000000
GB00B8113P38,2012-08-01 00:00:00.000000000
GB00B8289886,2012-09-24 00:00:00.000000000
GB00B83VFR76,2012-08-01 00:00:00.000000000
GB00B87K9900,2012-08-01 00:00:00.000000000
GB00B87M3G18,2012-08-01 00:00:00.000000000
GB00B88HSJ33,2012-08-01 00:00:00.000000000
GB00B89MF187,2012-09-24 00:00:00.000000000
GB00B89YS045,2012-09-24 00:00:00.000000000
GB00B8B1CF61,2012-09-24 00:00:00.000000000
GB00B8B6NJ28,2012-08-01 00:00:00.000000000
GB00B8GJGW07,2012-08-01 00:00:00.000000000
GB00B8J9TP16,2012-09-24 00:00:00.000000000
GB00B8J9W526,2012-09-24 00:00:00.000000000
GB00B92MRV68,2013-02-22 00:00:00.000000000
GB00B94Q8L39,2013-05-10 00:00:00.000000000
GB00B94SCD93,2013-05-10 00:00:00.000000000
GB00B96RS580,2013-05-10 00:00:00.000000000
GB00B9DFQH34,2013-05-10 00:00:00.000000000
GB00BC1J4633,2013-07-19 00:00:00.000000000
GB00BC1J4740,2013-07-19 00:00:00.000000000
GB00BC1J4856,2013-07-19 00:00:00.000000000
GB00BC1J4C93,2013-07-19 00:00:00.000000000
GB00BD3HZS16,2016-07-11 00:00:00.000000000
GB00BD446V16,2017-02-20 00:00:00.000000000
GB00BDD1JN64,2016-02-15 00:00:00.000000000
GB00BDD1JP88,2016-01-28 00:00:00.000000000
GB00BDD1JQ95,2016-01-28 00:00:00.000000000
GB00BDZT6269,2018-11-23 00:00:00.000000000
GB00BF2DD910,2017-09-01 00:00:00.000000000
GB00BF2DDB37,2017-09-01 00:00:00.000000000
GB00BF2DDC44,2017-09-01 00:00:00.000000000
GB00BF2DDD50,2017-09-01 00:00:00.000000000
GB00BF2DDF74,2017-09-01 00:00:00.000000000
GB00BF2DDG81,2017-09-01 00:00:00.000000000
GB00BF2DDH98,2017-09-01 00:00:00.000000000
GB00BF2DDJ13,2017-09-01 00:00:00.000000000
GB00BF2DDK28,2017-09-01 00:00:00.000000000
GB00BF8DGS54,2018-02-16 00:00:00.000000000
GB00BF8HV829,2013-11-18 00:00:00.000000000
GB00BF8HV936,2013-11-18 00:00:00.000000000
GB00BFDTFR03,2013-11-18 00:00:00.000000000
GB00BFDTFV49,2014-01-17 00:00:00.000000000
GB00BFDTFW55,2014-01-17 00:00:00.000000000
GB00BFNKSK77,2017-12-15 00:00:00.000000000
GB00BG5GY242,2013-11-18 00:00:00.000000000
GB00BGHPZ938,2013-11-25 00:00:00.000000000
GB00BGHPZB55,2013-11-25 00:00:00.000000000
GB00BGHPZC62,2013-11-25 00:00:00.000000000
GB00BGK8VR99,2019-02-25 00:00:00.000000000
GB00BGK8VS07,2019-02-25 00:00:00.000000000
GB00BGK8VT14,2019-02-25 00:00:00.000000000
GB00BGQVHT66,2018-10-25 00:00:00.000000000
GB00BHB1YY26,2014-01-17 00:00:00.000000000
GB00BHTD8H17,2019-02-14 00:00:00.000000000
GB00BJ00Z303,1997-06-05 00:00:00.000000000
GB00BJ0LDZ17,2019-07-08 00:00:00.000000000
GB00BJ0LF009,2019-07-08 00:00:00.000000000
GB00BJ0LF116,2019-06-24 00:00:00.000000000
GB00BJ0LF223,2019-06-24 00:00:00.000000000
GB00BJ0LF330,2019-06-24 00:00:00.000000000
GB00BJ0LF447,2019-06-24 00:00:00.000000000
GB00BJ0LF553,2019-06-24 00:00:00.000000000
GB00BJ0LF660,2019-06-24 00:00:00.000000000
GB00BJ0LF777,2019-06-24 00:00:00.000000000
GB00BJ0LF884,2019-06-24 00:00:00.000000000
GB00BJ0LFB13,2019-07-08 00:00:00.000000000
GB00BJ0LFC20,2019-06-24 00:00:00.000000000
GB00BJ0LFD37,2019-06-24 00:00:00.000000000
GB00BJ0LFF50,2019-06-24 00:00:00.000000000
GB00BJ0LFG67,2019-07-08 00:00:00.000000000
GB00BJ0LFH74,2019-06-24 00:00:00.000000000
GB00BJ0LFJ98,2019-07-08 00:00:00.000000000
GB00BJ0LFK04,2019-06-24 00:00:00.000000000
GB00BJ0LFL11,2019-06-24 00:00:00.000000000
GB00BJ0LFM28,2019-07-08 00:00:00.000000000
GB00BJ0LFN35,2019-06-24 00:00:00.000000000
GB00BJ0LFP58,2019-06-24 00:00:00.000000000
GB00BJ0LFQ65,2019-07-08 00:00:00.000000000
GB00BJ0LFR72,2019-07-08 00:00:00.000000000
GB00BJ0LFS89,2019-07-08 00:00:00.000000000
GB00BJ0LFT96,2019-06-24 00:00:00.000000000
GB00BJ0LFW26,2019-07-08 00:00:00.000000000
GB00BJ0LG072,2019-06-24 00:00:00.000000000
GB00BJ0LG296,2019-06-24 00:00:00.000000000
GB00BJ0LG304,2019-07-08 00:00:00.000000000
GB00BJ0LG411,2019-07-08 00:00:00.000000000
GB00BJ0LG528,2019-06-24 00:00:00.000000000
GB00BJ0LG635,2019-06-24 00:00:00.000000000
GB00BJ0LG742,2019-06-24 00:00:00.000000000
GB00BJ0LG858,2019-06-24 00:00:00.000000000
GB00BJ0LG965,2019-06-24 00:00:00.000000000
GB00BJ0LGB87,2019-06-24 00:00:00.000000000
GB00BJ0LGC94,2019-07-08 00:00:00.000000000
GB00BJ0LGD02,2019-07-08 00:00:00.000000000
GB00BJ0LGG33,2019-06-24 00:00:00.000000000
GB00BJ0LGH40,2019-06-24 00:00:00.000000000
GB00BJ0LGJ63,2003-11-25 00:00:00.000000000
GB00BJ0LGK78,2019-06-24 00:00:00.000000000
GB00BJ0LGL85,2019-07-08 00:00:00.000000000
GB00BJ0LGN00,2019-07-08 00:00:00.000000000
GB00BJ0LGP24,2019-07-08 00:00:00.000000000
GB00BJ0LGV83,2019-07-08 00:00:00.000000000
GB00BJ0LGW90,2019-06-24 00:00:00.000000000
GB00BJ0LGX08,2019-07-08 00:00:00.000000000
GB00BJTD6V58,2014-02-28 00:00:00.000000000
GB00BJTM2B40,2020-03-13 00:00:00.000000000
GB00BJTM2C56,2020-03-13 00:00:00.000000000
GB00BK4W8967,2019-10-11 00:00:00.000000000
GB00BK4W8B89,2019-10-11 00:00:00.000000000
GB00BKP52584,2019-12-09 00:00:00.000000000
GB00BKPHV137,2019-11-29 00:00:00.000000000
GB00BKPHV350,2019-11-29 00:00:00.000000000
GB00BKPJTG01,2021-03-18 00:00:00.000000000
GB00BKPJTH18,2021-03-18 00:00:00.000000000
GB00BKPJTJ32,2021-03-18 00:00:00.000000000
GB00BKPJWZ03,2021-03-18 00:00:00.000000000
GB00BKPJX022,2021-03-22 00:00:00.000000000
GB00BKPJXK25,2021-03-18 00:00:00.000000000
GB00BKPJXL32,2021-03-18 00:00:00.000000000
GB00BKRCQL10,2014-04-17 00:00:00.000000000
GB00BKRCQM27,2014-04-24 00:00:00.000000000
GB00BKSB1F65,2024-04-30 00:00:00.000000000
GB00BKSB1H89,2020-12-01 00:00:00.000000000
GB00BKSB1J04,2020-12-01 00:00:00.000000000
GB00BKSB1K19,2020-12-01 00:00:00.000000000
GB00BKSB1L26,2020-12-01 00:00:00.000000000
GB00BKSB1M33,2024-04-30 00:00:00.000000000
GB00BKTCQ643,2019-12-05 00:00:00.000000000
GB00BKTCQ759,2019-12-05 00:00:00.000000000
GB00BKTDJZ77,2019-12-05 00:00:00.000000000
GB00BKTDK099,2019-12-05 00:00:00.000000000
GB00BKXGGK60,2014-04-22 00:00:00.000000000
GB00BL1FVK72,2020-02-20 00:00:00.000000000
GB00BLCYFW36,2020-05-05 00:00:00.000000000
GB00BLCYFX43,2020-05-05 00:00:00.000000000
GB00BLH39230,2021-04-12 00:00:00.000000000
GB00BLKQKZ93,2020-09-15 00:00:00.000000000
GB00BLKQL237,2020-09-15 00:00:00.000000000
GB00BLKQL906,2020-09-15 00:00:00.000000000
GB00BLSNGB01,1947-01-01 00:00:00.000000000
GB00BMCF8689,1990-09-06 00:00:00.000000000
GB00BMDBB886,2023-12-13 00:00:00.000000000
GB00BMDBBG68,2023-12-13 00:00:00.000000000
GB00BMDBBK05,2023-12-13 00:00:00.000000000
GB00BMDBBL12,2023-12-13 00:00:00.000000000
GB00BMDBBM29,2023-12-13 00:00:00.000000000
GB00BMDZR592,2023-01-11 00:00:00.000000000
GB00BMDZR600,2023-01-11 00:00:00.000000000
GB00BMDZR717,2023-01-11 00:00:00.000000000
GB00BMDZR824,2023-01-11 00:00:00.000000000
GB00BMDZR931,2023-01-11 00:00:00.000000000
GB00BMDZRB59,2023-01-11 00:00:00.000000000
GB00BMX58Y51,2022-02-21 00:00:00.000000000
GB00BMX58Z68,2022-02-21 00:00:00.000000000
GB00BMY8B000,2023-08-30 00:00:00.000000000
GB00BN4NDR39,1888-04-13 00:00:00.000000000
GB00BN7CMW56,2021-08-03 00:00:00.000000000
GB00BN7CMX63,2021-08-03 00:00:00.000000000
GB00BN7CMY70,2021-08-03 00:00:00.000000000
GB00BN7CMZ87,2021-08-03 00:00:00.000000000
GB00BNXGHS27,1963-04-05 00:00:00.000000000
GB00BNY89Y78,2014-08-11 00:00:00.000000000
GB00BPH3DD08,2022-09-20 00:00:00.000000000
GB00BPH3DF22,2022-09-20 00:00:00.000000000
GB00BPH3DG39,2022-09-20 00:00:00.000000000
GB00BPXXDJ03,2023-09-14 00:00:00.000000000
GB00BPXXDK18,2023-09-14 00:00:00.000000000
GB00BPXXDL25,2023-09-14 00:00:00.000000000
GB00BPXXDM32,2023-09-14 00:00:00.000000000
GB00BPXXDN49,2023-09-14 00:00:00.000000000
GB00BPXXDP62,2023-09-14 00:00:00.000000000
GB00BQ681623,2024-05-31 00:00:00.000000000
GB00BRBTV673,2023-11-30 00:00:00.000000000
GB00BSHRGN41,2007-01-24 00:00:00.000000000
GB00BVRYYL03,2015-03-04 00:00:00.000000000
GB00BVZ6QT02,2015-04-10 00:00:00.000000000
GB00BXVMC989,2015-06-19 00:00:00.000000000
GB00BYM2H885,2015-11-24 00:00:00.000000000
GB00BYX7N285,2016-12-30 00:00:00.000000000
GB00BZ00WR55,2019-06-27 00:00:00.000000000
GB00BZ00WT79,2019-06-27 00:00:00.000000000
GB00BZ15CY61,2018-09-20 00:00:00.000000000
IE0000OEM636,2021-08-17 00:00:00.000000000
IE0000PUIKX8,2022-10-11 00:00:00.000000000
IE0001256803,2000-11-30 00:00:00.000000000
IE0001257090,2000-11-30 00:00:00.000000000
IE0001262298,2000-11-30 00:00:00.000000000
IE0001426232,2000-11-30 00:00:00.000000000
IE0001AGQT34,2022-08-02 00:00:00.000000000
IE0001V42J54,2022-08-02 00:00:00.000000000
IE0002122038,2000-03-31 00:00:00.000000000
IE0002128837,2000-03-31 00:00:00.000000000
IE0002141913,2000-03-31 00:00:00.000000000
IE0002167009,2000-03-31 00:00:00.000000000
IE0002167660,2000-03-31 00:00:00.000000000
IE0002175093,2000-03-31 00:00:00.000000000
IE0002EYHYY1,2022-10-11 00:00:00.000000000
IE00043S3004,2023-11-02 00:00:00.000000000
IE0004444828,1998-12-24 00:00:00.000000000
IE0004445015,1998-12-24 00:00:00.000000000
IE0004445239,1998-12-24 00:00:00.000000000
IE0004445676,1998-12-24 00:00:00.000000000
IE0004445783,1998-12-24 00:00:00.000000000
IE0004446757,1998-12-24 00:00:00.000000000
IE0004446971,1998-12-24 00:00:00.000000000
IE00044Z4IJ4,2024-03-21 00:00:00.000000000
IE0004858456,1998-12-24 00:00:00.000000000
IE0004858563,1998-12-24 00:00:00.000000000
IE000495KIK3,2022-08-10 00:00:00.000000000
IE0004XWWXA2,2024-05-20 00:00:00.000000000
IE000534SO58,2024-05-20 00:00:00.000000000
IE00055RXH32,2023-09-06 00:00:00.000000000
IE0005BJK3Q0,2022-10-11 00:00:00.000000000
IE0005CE4D33,2023-09-06 00:00:00.000000000
IE0005OL40V9,2023-04-05 00:00:00.000000000
IE0005OODHM3,2023-11-02 00:00:00.000000000
IE00064HGHF2,2024-05-20 00:00:00.000000000
IE0006WLFKW8,2024-05-08 00:00:00.000000000
IE00074FGIA4,2023-07-12 00:00:00.000000000
IE0007RV6TK3,2024-03-21 00:00:00.000000000
IE000832UYS6,2023-09-06 00:00:00.000000000
IE0008I0JXW0,2023-09-06 00:00:00.000000000
IE0009354923,1999-12-31 00:00:00.000000000
IE0009355771,2000-03-31 00:00:00.000000000
IE0009356076,2000-03-31 00:00:00.000000000
IE0009511647,1999-12-31 00:00:00.000000000
IE0009514872,1999-12-31 00:00:00.000000000
IE0009514989,1999-12-31 00:00:00.000000000
IE0009515622,1999-12-31 00:00:00.000000000
IE0009516141,1999-12-31 00:00:00.000000000
IE0009516588,1999-12-31 00:00:00.000000000
IE0009516810,1999-12-31 00:00:00.000000000
IE0009516927,1999-12-31 00:00:00.000000000
IE0009530639,1999-12-31 00:00:00.000000000
IE0009531157,1999-12-31 00:00:00.000000000
IE0009531603,1999-12-31 00:00:00.000000000
IE0009531710,1999-12-31 00:00:00.000000000
IE0009531827,1999-12-31 00:00:00.000000000
IE0009532122,1999-12-31 00:00:00.000000000
IE0009532239,1999-12-31 00:00:00.000000000
IE0009533641,1999-12-31 00:00:00.000000000
IE0009534052,1999-12-31 00:00:00.000000000
IE0009534169,1999-12-31 00:00:00.000000000
IE0009534383,1999-12-31 00:00:00.000000000
IE0009534508,1999-12-31 00:00:00.000000000
IE0009AZINF1,2023-07-12 00:00:00.000000000
IE0009MIBWU7,2021-09-28 00:00:00.000000000
IE0009P37MJ7,2023-09-06 00:00:00.000000000
IE0009RAWLQ0,2023-09-06 00:00:00.000000000
IE000AHNH3N2,2022-10-11 00:00:00.000000000
IE000BL343U6,2023-11-02 00:00:00.000000000
IE000DVZ2FO4,2024-05-08 00:00:00.000000000
IE000DYN3WR1,2023-09-06 00:00:00.000000000
IE000EQSL973,2023-09-06 00:00:00.000000000
IE000F1A4UV3,2023-12-20 00:00:00.000000000
IE000FMB0163,2022-08-02 00:00:00.000000000
IE000FXF8HX8,2022-10-11 00:00:00.000000000
IE000G3N3NE7,2024-06-12 00:00:00.000000000
IE000GP4O479,2022-08-10 00:00:00.000000000
IE000H2VA905,2023-07-12 00:00:00.000000000
IE000HDDZ8A5,2023-11-02 00:00:00.000000000
IE000HYW6F07,2024-05-20 00:00:00.000000000
IE000IZDQ0S8,2021-08-17 00:00:00.000000000
IE000K4645T9,2023-07-12 00:00:00.000000000
IE000KJSGS14,2023-09-06 00:00:00.000000000
IE000KLTS776,2023-09-06 00:00:00.000000000
IE000KUH9ZH5,2024-03-06 00:00:00.000000000
IE000L47VFB1,2023-09-06 00:00:00.000000000
IE000MYR0A73,2023-07-12 00:00:00.000000000
IE000N76ZS77,2023-01-19 00:00:00.000000000
IE000OAAX4F2,2024-05-20 00:00:00.000000000
IE000Q70BG31,2023-11-02 00:00:00.000000000
IE000QGLM3Y7,2023-09-06 00:00:00.000000000
IE000QHKSTA0,2023-03-16 00:00:00.000000000
IE000QV9L9H5,2023-09-06 00:00:00.000000000
IE000RUGMMJ8,2024-06-12 00:00:00.000000000
IE000S525MX2,2023-11-02 00:00:00.000000000
IE000S6FYYI6,2023-07-18 00:00:00.000000000
IE000SYNS5I3,2023-11-02 00:00:00.000000000
IE000TXTBWM7,2022-10-11 00:00:00.000000000
IE000U1TEQK8,2023-09-06 00:00:00.000000000
IE000UIBHNK4,2024-05-24 00:00:00.000000000
IE000UXG03U9,2023-09-06 00:00:00.000000000
IE000V3UWH37,2023-07-12 00:00:00.000000000
IE000V5XP672,2024-05-08 00:00:00.000000000
IE000VQFWE96,2023-11-02 00:00:00.000000000
IE000VYSP3A8,2024-05-08 00:00:00.000000000
IE000W6OIVB6,2022-08-02 00:00:00.000000000
IE000WX1VW28,2021-06-17 00:00:00.000000000
IE000XEN1F67,2021-09-28 00:00:00.000000000
IE000XWBFHZ3,2022-08-02 00:00:00.000000000
IE000YJW2O06,2022-10-11 00:00:00.000000000
IE000YN37IJ9,2023-09-06 00:00:00.000000000
IE000YSTHZ65,2022-08-02 00:00:00.000000000
IE000YTZ5BP2,2024-06-12 00:00:00.000000000
IE000ZC4REL0,2022-08-02 00:00:00.000000000
IE000ZGL4571,2023-09-06 00:00:00.000000000
IE000ZZO4GG7,2023-09-06 00:00:00.000000000
IE0030804631,2001-11-26 00:00:00.000000000
IE0030804748,2001-11-26 00:00:00.000000000
IE0030805042,2001-11-26 00:00:00.000000000
IE0030805158,2001-11-26 00:00:00.000000000
IE0030805489,2001-11-26 00:00:00.000000000
IE0030805596,2001-11-26 00:00:00.000000000
IE0030805828,2001-11-26 00:00:00.000000000
IE0030805935,2001-11-26 00:00:00.000000000
IE0030806230,2001-11-26 00:00:00.000000000
IE0030806347,2001-11-26 00:00:00.000000000
IE0031118791,1998-12-24 00:00:00.000000000
IE0031118809,1998-12-24 00:00:00.000000000
IE0031118916,1998-12-24 00:00:00.000000000
IE0031119104,1998-12-24 00:00:00.000000000
IE0031119211,1998-12-24 00:00:00.000000000
IE0031119328,1998-12-24 00:00:00.000000000
IE0031119435,1998-12-24 00:00:00.000000000
IE0031119542,1998-12-24 00:00:00.000000000
IE0031119658,1998-12-24 00:00:00.000000000
IE0033532841,2003-09-29 00:00:00.000000000
IE0033532957,2003-09-29 00:00:00.000000000
IE0033534441,2003-09-29 00:00:00.000000000
IE0033534557,2003-09-29 00:00:00.000000000
IE0033534664,2003-09-29 00:00:00.000000000
IE0033534771,2003-09-29 00:00:00.000000000
IE0033534888,2003-09-29 00:00:00.000000000
IE0033534995,2003-09-29 00:00:00.000000000
IE0033933767,2005-06-30 00:00:00.000000000
IE0033934393,2005-06-30 00:00:00.000000000
IE0033934955,2005-06-30 00:00:00.000000000
IE0033935580,2005-06-30 00:00:00.000000000
IE0033936117,2005-06-30 00:00:00.000000000
IE0033936331,2005-06-30 00:00:00.000000000
IE00B0332L05,2004-11-29 00:00:00.000000000
IE00B0332S73,2004-11-29 00:00:00.000000000
IE00B2B35J52,2008-01-31 00:00:00.000000000
IE00B2B35R37,2008-01-31 00:00:00.000000000
IE00B2B35V72,2008-01-31 00:00:00.000000000
IE00B2B35Y04,2008-01-31 00:00:00.000000000
IE00B2B35Z11,2008-01-31 00:00:00.000000000
IE00B2B36255,2008-01-31 00:00:00.000000000
IE00B2B36G96,2008-01-31 00:00:00.000000000
IE00B2B36J28,2016-12-09 00:00:00.000000000
IE00B2B36Q94,2008-01-31 00:00:00.000000000
IE00B2B36V48,2008-01-31 00:00:00.000000000
IE00B2B37667,2008-01-31 00:00:00.000000000
IE00B2B37881,2008-01-31 00:00:00.000000000
IE00B2N6J677,2008-01-31 00:00:00.000000000
IE00B3LF0Q09,2016-07-21 00:00:00.000000000
IE00B3LF0X75,2011-08-31 00:00:00.000000000
IE00B3PWP390,2011-08-31 00:00:00.000000000
IE00B3Q2NJ00,2011-08-31 00:00:00.000000000
IE00B3R7SC21,2013-03-28 00:00:00.000000000
IE00B3RVJ987,2016-07-21 00:00:00.000000000
IE00B3S2VD85,2013-10-01 00:00:00.000000000
IE00B3TND124,2016-07-21 00:00:00.000000000
IE00B3VXZV45,2011-08-31 00:00:00.000000000
IE00B3ZM0R87,2010-10-29 00:00:00.000000000
IE00B3ZSZ594,2010-10-29 00:00:00.000000000
IE00B40J9K78,2010-10-29 00:00:00.000000000
IE00B40RV384,2010-10-29 00:00:00.000000000
IE00B41CXQ90,2010-10-29 00:00:00.000000000
IE00B43M7D28,2010-10-29 00:00:00.000000000
IE00B44BD966,2016-07-21 00:00:00.000000000
IE00B4JS1V06,2011-08-31 00:00:00.000000000
IE00B4LJMZ29,2010-10-29 00:00:00.000000000
IE00B4Q8M094,2010-10-29 00:00:00.000000000
IE00B4R5TH58,2015-02-27 00:00:00.000000000
IE00B4ZY3X89,2011-08-31 00:00:00.000000000
IE00B5589841,2011-08-31 00:00:00.000000000
IE00B5949003,2014-05-30 00:00:00.000000000
IE00B59RGT74,2009-11-30 00:00:00.000000000
IE00B613WX69,2016-12-09 00:00:00.000000000
IE00B613X556,2014-03-19 00:00:00.000000000
IE00B613X663,2012-09-21 00:00:00.000000000
IE00B64HKL97,2011-08-31 00:00:00.000000000
IE00B67PWQ95,2011-08-31 00:00:00.000000000
IE00B6Q97T05,2011-08-31 00:00:00.000000000
IE00B6Q9B218,2011-08-31 00:00:00.000000000
IE00B6Q9PT69,2016-07-21 00:00:00.000000000
IE00B6QBS936,2011-08-31 00:00:00.000000000
IE00B6QC9F93,2011-08-31 00:00:00.000000000
IE00B6QCRZ57,2011-08-31 00:00:00.000000000
IE00B6QCZK62,2016-07-21 00:00:00.000000000
IE00B6QDJS55,2011-08-31 00:00:00.000000000
IE00B6QDLV23,2016-07-21 00:00:00.000000000
IE00B6QFF942,2013-10-01 00:00:00.000000000
IE00B6QG7K24,2018-12-03 00:00:00.000000000
IE00B6Y5G934,2011-11-30 00:00:00.000000000
IE00B6Y5KJ15,2013-03-28 00:00:00.000000000
IE00B6Y7ZF85,2012-05-09 00:00:00.000000000
IE00B755XC12,2013-01-02 00:00:00.000000000
IE00B775H168,2013-10-04 00:00:00.000000000
IE00B7D1PH00,2012-02-01 00:00:00.000000000
IE00B7GTJV38,2013-03-28 00:00:00.000000000
IE00B7GTM146,2013-10-01 00:00:00.000000000
IE00B7GTM815,2013-10-01 00:00:00.000000000
IE00B7KXQ091,2013-10-01 00:00:00.000000000
IE00B7Q0MG23,2012-03-30 00:00:00.000000000
IE00B7VGZP57,2019-01-07 00:00:00.000000000
IE00B7VHC356,2013-03-28 00:00:00.000000000
IE00B808G672,2012-06-29 00:00:00.000000000
IE00B83BYG91,2013-10-01 00:00:00.000000000
IE00B8DQ2F94,2013-06-26 00:00:00.000000000
IE00B8GQ0T69,2013-01-02 00:00:00.000000000
IE00B8W85S00,2013-01-02 00:00:00.000000000
IE00B8XY4Y67,2013-01-02 00:00:00.000000000
IE00B9520L40,2014-06-30 00:00:00.000000000
IE00B95B5D80,2014-06-30 00:00:00.000000000
IE00BD34XY49,2016-07-21 00:00:00.000000000
IE00BD351Z49,2016-05-04 00:00:00.000000000
IE00BD353363,2016-05-04 00:00:00.000000000
IE00BD355P21,2019-05-21 00:00:00.000000000
IE00BD358420,2016-05-04 00:00:00.000000000
IE00BD359501,2016-07-21 00:00:00.000000000
IE00BD359618,2016-05-04 00:00:00.000000000
IE00BD3RYX91,2016-09-23 00:00:00.000000000
IE00BD3RYY09,2016-10-17 00:00:00.000000000
IE00BD860F54,2017-12-15 00:00:00.000000000
IE00BD860G61,2017-12-15 00:00:00.000000000
IE00BD860H78,2017-12-15 00:00:00.000000000
IE00BD860J92,2017-12-15 00:00:00.000000000
IE00BD861K72,2017-12-15 00:00:00.000000000
IE00BD861N04,2017-12-15 00:00:00.000000000
IE00BD8D5Z14,2017-12-15 00:00:00.000000000
IE00BD8GP721,2017-12-15 00:00:00.000000000
IE00BDFDKX76,2018-06-08 00:00:00.000000000
IE00BF2GLT67,2013-10-04 00:00:00.000000000
IE00BF2GLV89,2013-10-04 00:00:00.000000000
IE00BF2GLW96,2013-10-01 00:00:00.000000000
IE00BF2GM042,2013-10-04 00:00:00.000000000
IE00BF2GM158,2013-10-04 00:00:00.000000000
IE00BFRSTF92,2013-10-31 00:00:00.000000000
IE00BFRSTG00,2013-10-31 00:00:00.000000000
IE00BFRSYJ83,2013-10-31 00:00:00.000000000
IE00BFRSYK98,2013-10-31 00:00:00.000000000
IE00BFRSYS74,2013-10-31 00:00:00.000000000
IE00BFRSYT81,2013-10-31 00:00:00.000000000
IE00BFRSYW11,2013-10-31 00:00:00.000000000
IE00BFRSYX28,2013-10-31 00:00:00.000000000
IE00BFRSYY35,2013-10-31 00:00:00.000000000
IE00BFRSYZ42,2013-10-31 00:00:00.000000000
IE00BFRSZ065,2013-10-31 00:00:00.000000000
IE00BFRSZ172,1999-12-31 00:00:00.000000000
IE00BFRSZ289,2013-10-31 00:00:00.000000000
IE00BFRSZ511,2013-10-31 00:00:00.000000000
IE00BFRSZ628,2013-10-31 00:00:00.000000000
IE00BFSS7K90,2016-07-21 00:00:00.000000000
IE00BFSS7M15,2019-06-04 00:00:00.000000000
IE00BFSS7W13,2019-11-05 00:00:00.000000000
IE00BFSS8623,2016-02-19 00:00:00.000000000
IE00BFSS8Q28,2019-06-04 00:00:00.000000000
IE00BFTCP959,2014-10-03 00:00:00.000000000
IE00BFTCPJ56,2019-03-11 00:00:00.000000000
IE00BHC8SV77,2014-05-30 00:00:00.000000000
IE00BJJMRX11,2019-06-04 00:00:00.000000000
IE00BJJMRY28,2019-06-04 00:00:00.000000000
IE00BJJMRZ35,2019-06-04 00:00:00.000000000
IE00BJT1NW94,2019-03-11 00:00:00.000000000
IE00BJVNGR98,2019-12-04 00:00:00.000000000
IE00BJVNGS06,2019-12-04 00:00:00.000000000
IE00BJVNGT13,2019-12-04 00:00:00.000000000
IE00BJVNGV35,2019-12-04 00:00:00.000000000
IE00BJVNGW42,2019-12-04 00:00:00.000000000
IE00BJVNGX58,2019-12-04 00:00:00.000000000
IE00BJVNGY65,2019-12-04 00:00:00.000000000
IE00BJVNGZ72,2019-12-04 00:00:00.000000000
IE00BJVNH100,2019-12-04 00:00:00.000000000
IE00BJVNH654,2019-11-18 00:00:00.000000000
IE00BJVNH761,2019-11-18 00:00:00.000000000
IE00BJXT4158,2019-12-04 00:00:00.000000000
IE00BJXT4265,2019-12-04 00:00:00.000000000
IE00BK26DX94,2019-12-27 00:00:00.000000000
IE00BK7YST97,2020-10-01 00:00:00.000000000
IE00BK7YSV10,2020-10-01 00:00:00.000000000
IE00BKDM8C03,2019-11-05 00:00:00.000000000
IE00BKKNGZ56,2016-11-24 00:00:00.000000000
IE00BKKNH416,2016-11-24 00:00:00.000000000
IE00BLK24558,2020-03-18 00:00:00.000000000
IE00BLTVXS96,2014-09-29 00:00:00.000000000
IE00BLWF5C65,2016-07-21 00:00:00.000000000
IE00BLWF5D72,2014-09-29 00:00:00.000000000
IE00BLWF5L56,2014-10-20 00:00:00.000000000
IE00BLWF5N70,2016-07-21 00:00:00.000000000
IE00BLWF5Q02,2014-10-20 00:00:00.000000000
IE00BLWF5R19,2014-10-20 00:00:00.000000000
IE00BLY1N394,2014-10-20 00:00:00.000000000
IE00BLY1N519,2014-10-20 00:00:00.000000000
IE00BLY1N626,2014-10-20 00:00:00.000000000
IE00BLY1NC86,2014-10-20 00:00:00.000000000
IE00BLY1NF18,2014-10-20 00:00:00.000000000
IE00BLY27S52,2014-10-20 00:00:00.000000000
IE00BM67H965,2014-10-20 00:00:00.000000000
IE00BM7WZP25,2020-04-20 00:00:00.000000000
IE00BM9M0223,2021-07-20 00:00:00.000000000
IE00BM9M0330,2021-07-20 00:00:00.000000000
IE00BM9M0447,2021-07-20 00:00:00.000000000
IE00BM9M0553,2021-07-20 00:00:00.000000000
IE00BM9M0660,2021-07-20 00:00:00.000000000
IE00BM9M0777,2021-07-20 00:00:00.000000000
IE00BMDXR423,2021-10-08 00:00:00.000000000
IE00BMF1KR89,2021-10-08 00:00:00.000000000
IE00BMF1KS96,2021-10-08 00:00:00.000000000
IE00BMXMTS70,2021-03-30 00:00:00.000000000
IE00BMXMTT87,2021-03-30 00:00:00.000000000
IE00BMXMTZ48,2021-03-30 00:00:00.000000000
IE00BMXMV038,2021-03-30 00:00:00.000000000
IE00BMXMV145,2021-03-30 00:00:00.000000000
IE00BN29S457,2020-10-27 00:00:00.000000000
IE00BN29S564,2020-10-27 00:00:00.000000000
IE00BN29S671,2020-10-27 00:00:00.000000000
IE00BN29S788,2020-10-27 00:00:00.000000000
IE00BN29S895,2020-10-27 00:00:00.000000000
IE00BN29S903,2020-10-27 00:00:00.000000000
IE00BN29SB22,2020-10-27 00:00:00.000000000
IE00BRJ9D748,2014-10-20 00:00:00.000000000
IE00BRJG6X20,2014-10-20 00:00:00.000000000
IE00BRJG6Y37,2014-10-20 00:00:00.000000000
IE00BRJG7840,2014-10-20 00:00:00.000000000
IE00BZ76W439,2016-05-04 00:00:00.000000000
IE00BZ771832,2016-05-04 00:00:00.000000000
IE00BZ775C54,2016-04-05 00:00:00.000000000
IE00BZ775F85,2016-04-05 00:00:00.000000000
IE00BZ777T61,2016-07-21 00:00:00.000000000
IE00BZ77D437,2016-04-05 00:00:00.000000000
JE00B1GXH751,1930-05-30 00:00:00.000000000
LU0011889846,1984-07-02 00:00:00.000000000
LU0011889929,1985-07-31 00:00:00.000000000
LU0011890265,1985-08-30 00:00:00.000000000
LU0011890851,1985-07-31 00:00:00.000000000
LU0046217351,1993-08-27 00:00:00.000000000
LU0070992663,1996-10-15 00:00:00.000000000
LU0088927925,1998-07-01 00:00:00.000000000
LU0113993041,2010-01-07 00:00:00.000000000
LU0113993397,2000-09-29 00:00:00.000000000
LU0113993553,2013-11-08 00:00:00.000000000
LU0113993801,1988-09-29 00:00:00.000000000
LU0113993983,2000-09-29 00:00:00.000000000
LU0135928025,2014-11-28 00:00:00.000000000
LU0135928298,2001-10-08 00:00:00.000000000
LU0135928611,2001-10-24 00:00:00.000000000
LU0150924321,2002-07-02 00:00:00.000000000
LU0196034317,2004-07-01 00:00:00.000000000
LU0196034663,2004-07-01 00:00:00.000000000
LU0196034820,2013-11-18 00:00:00.000000000
LU0196035553,2004-07-01 00:00:00.000000000
LU0196035983,2004-07-01 00:00:00.000000000
LU0196036015,2004-07-01 00:00:00.000000000
LU0200076213,2004-10-29 00:00:00.000000000
LU0200076999,2005-03-24 00:00:00.000000000
LU0200077294,2004-10-29 00:00:00.000000000
LU0200083342,2005-03-24 00:00:00.000000000
LU0201071890,2004-10-29 00:00:00.000000000
LU0201073169,2005-03-24 00:00:00.000000000
LU0201075453,2005-03-24 00:00:00.000000000
LU0201078713,2005-03-24 00:00:00.000000000
LU0209137206,2005-01-03 00:00:00.000000000
LU0209137388,2005-01-03 00:00:00.000000000
LU0209137628,2005-01-03 00:00:00.000000000
LU0209156925,2005-01-03 00:00:00.000000000
LU0209157493,2005-10-14 00:00:00.000000000
LU0209157659,2014-07-08 00:00:00.000000000
LU0209158467,2005-01-03 00:00:00.000000000
LU0209158541,2005-10-14 00:00:00.000000000
LU0210855028,2005-10-18 00:00:00.000000000
LU0210856778,2005-11-02 00:00:00.000000000
LU0229494629,2005-10-03 00:00:00.000000000
LU0229494975,2005-10-03 00:00:00.000000000
LU0229495352,2005-10-03 00:00:00.000000000
LU0247695934,2006-03-23 00:00:00.000000000
LU0247697476,2006-03-23 00:00:00.000000000
LU0247697633,2006-03-23 00:00:00.000000000
LU0247698441,2006-03-23 00:00:00.000000000
LU0247699092,2006-03-23 00:00:00.000000000
LU0247699415,2006-03-23 00:00:00.000000000
LU0247699761,2006-03-23 00:00:00.000000000
LU0247699928,2006-03-23 00:00:00.000000000
LU0247700106,2006-03-23 00:00:00.000000000
LU0264597450,2006-12-01 00:00:00.000000000
LU0264597617,2006-12-01 00:00:00.000000000
LU0264598268,2006-12-01 00:00:00.000000000
LU0264598342,2006-12-01 00:00:00.000000000
LU0264605907,2006-10-26 00:00:00.000000000
LU0264606111,2006-10-26 00:00:00.000000000
LU0264606467,2006-10-26 00:00:00.000000000
LU0264606624,2006-10-26 00:00:00.000000000
LU0264738294,2006-01-03 00:00:00.000000000
LU0264739185,2007-01-18 00:00:00.000000000
LU0277002928,2007-01-18 00:00:00.000000000
LU0298310920,2015-08-12 00:00:00.000000000
LU0327786744,2008-01-25 00:00:00.000000000
LU0327786827,2008-01-25 00:00:00.000000000
LU0327787049,2008-01-25 00:00:00.000000000
LU0327787395,2008-01-25 00:00:00.000000000
LU0330915165,2017-06-19 00:00:00.000000000
LU0330915322,2008-03-31 00:00:00.000000000
LU0451950314,2009-12-18 00:00:00.000000000
LU0451950405,2009-12-18 00:00:00.000000000
LU0451950587,2009-12-18 00:00:00.000000000
LU0451950660,2009-12-18 00:00:00.000000000
LU0451950744,2011-10-10 00:00:00.000000000
LU0490769915,2010-04-01 00:00:00.000000000
LU0490786174,2010-06-01 00:00:00.000000000
LU0503932328,2011-02-03 00:00:00.000000000
LU0503932591,2023-12-07 00:00:00.000000000
LU0503932674,2011-02-18 00:00:00.000000000
LU0503932831,2023-12-07 00:00:00.000000000
LU0504465815,2010-06-18 00:00:00.000000000
LU0506197614,2012-04-04 00:00:00.000000000
LU0506197887,2014-05-21 00:00:00.000000000
LU0506198265,2013-07-02 00:00:00.000000000
LU0506198851,2013-10-22 00:00:00.000000000
LU0506199156,2023-12-07 00:00:00.000000000
LU0506199586,2023-12-07 00:00:00.000000000
LU0506436111,2010-06-18 00:00:00.000000000
LU0572939261,2008-03-03 00:00:00.000000000
LU0572939691,2007-05-30 00:00:00.000000000
LU0572940194,2008-03-03 00:00:00.000000000
LU0572940350,2007-05-30 00:00:00.000000000
LU0572942307,2006-04-25 00:00:00.000000000
LU0572943370,2007-05-30 00:00:00.000000000
LU0572944774,2008-01-25 00:00:00.000000000
LU0572944931,2008-01-25 00:00:00.000000000
LU0572949575,2013-01-15 00:00:00.000000000
LU0572951639,2013-07-11 00:00:00.000000000
LU0572952017,2006-01-03 00:00:00.000000000
LU0572952280,2007-10-19 00:00:00.000000000
LU0572953684,2010-08-02 00:00:00.000000000
LU0572954062,2007-10-19 00:00:00.000000000
LU0572961604,2009-09-30 00:00:00.000000000
LU0579024422,2012-09-20 00:00:00.000000000
LU0580143203,2011-02-04 00:00:00.000000000
LU0593293326,2011-07-01 00:00:00.000000000
LU0622223799,2011-07-01 00:00:00.000000000
LU0622224094,2011-07-01 00:00:00.000000000
LU0642270333,2012-05-24 00:00:00.000000000
LU0642271901,2013-05-17 00:00:00.000000000
LU0642272388,2014-11-27 00:00:00.000000000
LU0642280134,2012-01-27 00:00:00.000000000
LU0642280647,2012-03-16 00:00:00.000000000
LU0642281702,2013-07-24 00:00:00.000000000
LU0756065081,2013-04-11 00:00:00.000000000
LU0756065164,2012-05-09 00:00:00.000000000
LU0756065321,2012-04-25 00:00:00.000000000
LU0756065834,2018-03-19 00:00:00.000000000
LU0756066568,2013-04-12 00:00:00.000000000
LU0756068184,2013-04-04 00:00:00.000000000
LU0828244219,2012-10-11 00:00:00.000000000
LU0828813104,2012-10-11 00:00:00.000000000
LU0828813369,2013-04-03 00:00:00.000000000
LU0828813526,2013-07-11 00:00:00.000000000
LU0828813872,2013-08-28 00:00:00.000000000
LU0828814094,2013-11-13 00:00:00.000000000
LU0828815067,2013-02-28 00:00:00.000000000
LU0828815224,2012-11-19 00:00:00.000000000
LU0828815570,2012-11-19 00:00:00.000000000
LU0828816461,2012-11-28 00:00:00.000000000
LU0828817600,2012-12-10 00:00:00.000000000
LU0828818087,2012-11-19 00:00:00.000000000
LU0828818913,2013-12-20 00:00:00.000000000
LU0828820901,2014-05-02 00:00:00.000000000
LU0828821115,2016-04-08 00:00:00.000000000
LU0892273995,2013-08-28 00:00:00.000000000
LU0892274290,2013-08-28 00:00:00.000000000
LU0892274530,2013-08-28 00:00:00.000000000
LU0892274704,2014-04-29 00:00:00.000000000
LU0892274969,2013-08-28 00:00:00.000000000
LU0892275263,2013-08-28 00:00:00.000000000
LU0892275776,2013-12-27 00:00:00.000000000
LU0892276741,2020-04-07 00:00:00.000000000
LU0942194779,2013-12-13 00:00:00.000000000
LU0942195156,2013-12-20 00:00:00.000000000
LU0942195230,2014-01-14 00:00:00.000000000
LU0942195313,2013-10-14 00:00:00.000000000
LU0942195586,2013-10-14 00:00:00.000000000
LU0942195669,2013-12-18 00:00:00.000000000
LU0953998514,2013-10-31 00:00:00.000000000
LU0953998605,2013-09-06 00:00:00.000000000
LU0953998860,2018-03-21 00:00:00.000000000
LU0953999082,2013-08-16 00:00:00.000000000
LU0966752833,2014-03-13 00:00:00.000000000
LU0966752916,2014-04-23 00:00:00.000000000
LU0966753138,2014-03-21 00:00:00.000000000
LU0973119513,2013-10-22 00:00:00.000000000
LU0973119604,2013-10-22 00:00:00.000000000
LU0973119786,2013-10-22 00:00:00.000000000
LU0973119869,2013-10-22 00:00:00.000000000
LU0973214777,2014-03-20 00:00:00.000000000
LU0976556265,2013-11-08 00:00:00.000000000
LU0976556422,2013-11-08 00:00:00.000000000
LU0976556695,2013-11-13 00:00:00.000000000
LU0976556851,2017-08-02 00:00:00.000000000
LU0976556935,2015-03-13 00:00:00.000000000
LU0976557073,2013-12-18 00:00:00.000000000
LU0976557156,2014-03-18 00:00:00.000000000
LU0976557230,2014-03-18 00:00:00.000000000
LU0978624194,2013-11-19 00:00:00.000000000
LU0978624277,2013-11-19 00:00:00.000000000
LU0978624350,2013-11-19 00:00:00.000000000
LU0978624434,2013-11-19 00:00:00.000000000
LU0989423784,2018-02-27 00:00:00.000000000
LU0995107140,2014-03-18 00:00:00.000000000
LU0995139184,2014-01-30 00:00:00.000000000
LU0995139267,2014-01-30 00:00:00.000000000
LU0995139341,2014-01-30 00:00:00.000000000
LU0995139424,2014-08-08 00:00:00.000000000
LU0995139697,2016-12-06 00:00:00.000000000
LU0995140356,2014-01-03 00:00:00.000000000
LU0995140430,2016-04-25 00:00:00.000000000
LU0999457616,2014-01-24 00:00:00.000000000
LU1003273924,2014-02-26 00:00:00.000000000
LU1004011935,2014-04-10 00:00:00.000000000
LU1005137069,2013-12-20 00:00:00.000000000
LU1006566639,2015-11-05 00:00:00.000000000
LU1039938227,2014-04-24 00:00:00.000000000
LU1041546547,2014-09-02 00:00:00.000000000
LU1041547511,2015-12-11 00:00:00.000000000
LU1041547941,2014-09-24 00:00:00.000000000
LU1047639791,2014-04-24 00:00:00.000000000
LU1059379971,2014-06-13 00:00:00.000000000
LU1068766655,2014-05-30 00:00:00.000000000
LU1073139583,2014-07-02 00:00:00.000000000
LU1073139666,2014-07-02 00:00:00.000000000
LU1077968276,2014-07-02 00:00:00.000000000
LU1086934103,2014-09-18 00:00:00.000000000
LU1120392524,2015-01-28 00:00:00.000000000
LU1120392797,2015-01-28 00:00:00.000000000
LU1120392870,2015-01-28 00:00:00.000000000
LU1120398216,2014-12-11 00:00:00.000000000
LU1125349974,2014-12-01 00:00:00.000000000
LU1125355518,2014-12-01 00:00:00.000000000
LU1125359346,2014-12-01 00:00:00.000000000
LU1125367018,2015-02-03 00:00:00.000000000
LU1129860224,2024-01-17 00:00:00.000000000
LU1136954127,2018-02-16 00:00:00.000000000
LU1142999959,2015-01-12 00:00:00.000000000
LU1161213365,2015-01-09 00:00:00.000000000
LU1169991020,2015-04-16 00:00:00.000000000
LU1179331720,2015-03-13 00:00:00.000000000
LU1183228433,2015-06-09 00:00:00.000000000
LU1196326760,2015-03-19 00:00:00.000000000
LU1205757914,2015-07-10 00:00:00.000000000
LU1214468123,2015-07-03 00:00:00.000000000
LU1230490713,2015-08-13 00:00:00.000000000
LU1259344122,2015-08-07 00:00:00.000000000
LU1268005920,2015-11-12 00:00:00.000000000
LU1272163806,2015-08-27 00:00:00.000000000
LU1273675584,2015-08-27 00:00:00.000000000
LU1276832042,2015-11-09 00:00:00.000000000
LU1276832125,2015-11-04 00:00:00.000000000
LU1276832398,2015-11-04 00:00:00.000000000
LU1276832471,2015-11-04 00:00:00.000000000
LU1276832554,2015-11-03 00:00:00.000000000
LU1276832638,2015-11-03 00:00:00.000000000
LU1276832711,2015-11-03 00:00:00.000000000
LU1276832984,2015-11-03 00:00:00.000000000
LU1276833016,2015-11-03 00:00:00.000000000
LU1276833107,2015-11-05 00:00:00.000000000
LU1276833289,2015-11-05 00:00:00.000000000
LU1276833362,2015-11-05 00:00:00.000000000
LU1276833446,2015-11-05 00:00:00.000000000
LU1277655707,2015-11-18 00:00:00.000000000
LU1280371284,2015-10-23 00:00:00.000000000
LU1282634382,2023-10-25 00:00:00.000000000
LU1291149836,2015-10-20 00:00:00.000000000
LU1291885702,2015-11-06 00:00:00.000000000
LU1293640501,2015-11-03 00:00:00.000000000
LU1293647423,2015-11-04 00:00:00.000000000
LU1301506678,2015-10-23 00:00:00.000000000
LU1316542601,2015-11-25 00:00:00.000000000
LU1316542783,2016-03-24 00:00:00.000000000
LU1316542866,2016-03-24 00:00:00.000000000
LU1316543088,2016-03-24 00:00:00.000000000
LU1316543674,2016-03-24 00:00:00.000000000
LU1321015403,2015-12-08 00:00:00.000000000
LU1329696717,2016-01-08 00:00:00.000000000
LU1354345586,2016-02-24 00:00:00.000000000
LU1368736440,2016-06-08 00:00:00.000000000
LU1372839644,2016-03-18 00:00:00.000000000
LU1377839755,2016-03-31 00:00:00.000000000
LU1377839839,2016-03-31 00:00:00.000000000
LU1387767350,2016-12-02 00:00:00.000000000
LU1387767517,2017-06-06 00:00:00.000000000
LU1387767947,2017-08-30 00:00:00.000000000
LU1387768325,2017-12-27 00:00:00.000000000
LU1432398888,2016-06-27 00:00:00.000000000
LU1446762467,2016-11-14 00:00:00.000000000
LU1456297057,2016-08-10 00:00:00.000000000
LU1487946425,2016-10-14 00:00:00.000000000
LU1492019390,2017-03-15 00:00:00.000000000
LU1492020059,2017-01-03 00:00:00.000000000
LU1498519096,2016-11-04 00:00:00.000000000
LU1508302814,2017-04-13 00:00:00.000000000
LU1519019134,2017-01-03 00:00:00.000000000
LU1519019563,2018-02-27 00:00:00.000000000
LU1519019647,2017-01-23 00:00:00.000000000
LU1519019720,2017-01-23 00:00:00.000000000
LU1526027666,2016-12-06 00:00:00.000000000
LU1526027823,2016-12-06 00:00:00.000000000
LU1562333077,2017-03-10 00:00:00.000000000
LU1572378708,2017-05-24 00:00:00.000000000
LU1572379003,2017-05-11 00:00:00.000000000
LU1572380191,2018-03-01 00:00:00.000000000
LU1611731263,2017-06-06 00:00:00.000000000
LU1618271776,2017-06-06 00:00:00.000000000
LU1626188228,2017-07-05 00:00:00.000000000
LU1626188814,2017-07-05 00:00:00.000000000
LU1627460659,2019-11-11 00:00:00.000000000
LU1627460816,2017-07-26 00:00:00.000000000
LU1627461467,2020-12-22 00:00:00.000000000
LU1627461624,2017-11-29 00:00:00.000000000
LU1627462861,2017-11-29 00:00:00.000000000
LU1627463083,2017-11-29 00:00:00.000000000
LU1627463596,2017-07-26 00:00:00.000000000
LU1627464305,2020-07-06 00:00:00.000000000
LU1627464727,2020-03-09 00:00:00.000000000
LU1627465534,2020-04-07 00:00:00.000000000
LU1627466425,2020-04-28 00:00:00.000000000
LU1627466771,2020-04-07 00:00:00.000000000
LU1627467159,2018-02-28 00:00:00.000000000
LU1627920678,2017-07-05 00:00:00.000000000
LU1627921569,2017-07-05 00:00:00.000000000
LU1665086226,2017-09-28 00:00:00.000000000
LU1678960227,2017-12-15 00:00:00.000000000
LU1678960656,2017-12-15 00:00:00.000000000
LU1678960730,2017-12-15 00:00:00.000000000
LU1678960813,2017-12-15 00:00:00.000000000
LU1678960904,2017-12-15 00:00:00.000000000
LU1678961118,2017-12-15 00:00:00.000000000
LU1678961381,2017-12-15 00:00:00.000000000
LU1678961548,2017-12-15 00:00:00.000000000
LU1678961621,2017-12-15 00:00:00.000000000
LU1678962272,2017-12-15 00:00:00.000000000
LU1678962439,2017-12-15 00:00:00.000000000
LU1678962512,2017-12-15 00:00:00.000000000
LU1678962942,2017-12-15 00:00:00.000000000
LU1678963080,2017-12-15 00:00:00.000000000
LU1678963163,2017-12-15 00:00:00.000000000
LU1678963247,2017-12-15 00:00:00.000000000
LU1678963320,2017-12-15 00:00:00.000000000
LU1678963593,2017-12-15 00:00:00.000000000
LU1678963759,2017-12-15 00:00:00.000000000
LU1678964138,2017-12-15 00:00:00.000000000
LU1678964211,2017-12-15 00:00:00.000000000
LU1678964302,2017-12-15 00:00:00.000000000
LU1681824733,2017-11-02 00:00:00.000000000
LU1807432866,2018-07-02 00:00:00.000000000
LU1834996701,2018-08-07 00:00:00.000000000
LU1834997006,2018-09-04 00:00:00.000000000
LU1897414303,2018-12-10 00:00:00.000000000
LU1897414485,2018-12-10 00:00:00.000000000
LU1897414568,2018-12-10 00:00:00.000000000
LU1897414642,2018-12-10 00:00:00.000000000
LU1897415292,2018-12-10 00:00:00.000000000
LU1914905846,2019-03-08 00:00:00.000000000
LU1914905929,2019-03-08 00:00:00.000000000
LU1963063232,2019-04-04 00:00:00.000000000
LU1963063406,2019-09-27 00:00:00.000000000
LU1963063828,2019-12-03 00:00:00.000000000
LU1983259539,2019-05-29 00:00:00.000000000
LU1983259612,2019-05-29 00:00:00.000000000
LU1983259703,2019-05-29 00:00:00.000000000
LU1983259885,2019-07-08 00:00:00.000000000
LU1983259968,2019-07-08 00:00:00.000000000
LU1983260115,2019-05-29 00:00:00.000000000
LU1983260206,2019-05-29 00:00:00.000000000
LU1983260388,2019-05-29 00:00:00.000000000
LU1983260545,2019-05-29 00:00:00.000000000
LU1983261782,2019-08-06 00:00:00.000000000
LU1983261865,2019-08-06 00:00:00.000000000
LU1983261949,2019-08-06 00:00:00.000000000
LU1983262087,2024-08-08 00:00:00.000000000
LU1983262830,2019-08-06 00:00:00.000000000
LU1983262913,2019-08-06 00:00:00.000000000
LU1984711439,2019-05-29 00:00:00.000000000
LU1984711512,2019-05-29 00:00:00.000000000
LU1984711603,2019-05-29 00:00:00.000000000
LU1984711785,2019-05-29 00:00:00.000000000
LU1984711868,2020-08-20 00:00:00.000000000
LU1984711942,2019-10-17 00:00:00.000000000
LU1984712320,2019-08-06 00:00:00.000000000
LU1984712593,2019-08-06 00:00:00.000000000
LU1984712676,2019-08-06 00:00:00.000000000
LU1984712759,2019-09-13 00:00:00.000000000
LU1984713211,2022-12-29 00:00:00.000000000
LU1988886211,2019-05-29 00:00:00.000000000
LU1988886302,2019-05-29 00:00:00.000000000
LU1988886484,2019-05-29 00:00:00.000000000
LU1988887292,2019-09-13 00:00:00.000000000
LU1988903081,2019-05-29 00:00:00.000000000
LU1992142411,2019-08-01 00:00:00.000000000
LU1992150430,2019-08-01 00:00:00.000000000
LU2031319176,2019-08-19 00:00:00.000000000
LU2031319259,2019-08-19 00:00:00.000000000
LU2031319333,2019-08-19 00:00:00.000000000
LU2031319416,2019-08-19 00:00:00.000000000
LU2044158546,2019-09-05 00:00:00.000000000
LU2044158629,2019-09-13 00:00:00.000000000
LU2044158892,2019-09-13 00:00:00.000000000
LU2046586686,2019-09-30 00:00:00.000000000
LU2046586769,2019-09-30 00:00:00.000000000
LU2046586843,2019-09-30 00:00:00.000000000
LU2046587064,2019-09-30 00:00:00.000000000
LU2051454275,2019-10-07 00:00:00.000000000
LU2065174687,2019-11-06 00:00:00.000000000
LU2080999225,2019-12-18 00:00:00.000000000
LU2114516532,2020-06-03 00:00:00.000000000
LU2114516615,2020-06-03 00:00:00.000000000
LU2114516706,2020-06-03 00:00:00.000000000
LU2114516888,2020-06-03 00:00:00.000000000
LU2114516961,2020-06-03 00:00:00.000000000
LU2114517001,2020-06-03 00:00:00.000000000
LU2114517183,2020-06-03 00:00:00.000000000
LU2114517266,2020-06-03 00:00:00.000000000
LU2114517340,2020-06-03 00:00:00.000000000
LU2116350021,2020-06-25 00:00:00.000000000
LU2116350294,2020-06-25 00:00:00.000000000
LU2124902292,2020-06-25 00:00:00.000000000
LU2124902615,2020-06-03 00:00:00.000000000
LU2124972667,2020-03-16 00:00:00.000000000
LU2124972741,2020-03-16 00:00:00.000000000
LU2124972824,2020-03-16 00:00:00.000000000
LU2133172291,2020-04-07 00:00:00.000000000
LU2142073621,2020-04-30 00:00:00.000000000
LU2155484574,2020-06-03 00:00:00.000000000
LU2155484657,2020-06-25 00:00:00.000000000
LU2155484731,2020-06-25 00:00:00.000000000
LU2155484814,2020-06-03 00:00:00.000000000
LU2155484905,2020-06-03 00:00:00.000000000
LU2155485209,2020-06-25 00:00:00.000000000
LU2183130942,2020-07-10 00:00:00.000000000
LU2183131163,2020-07-10 00:00:00.000000000
LU2183131247,2020-07-10 00:00:00.000000000
LU2210000647,2020-08-20 00:00:00.000000000
LU2210004557,2020-08-20 00:00:00.000000000
LU2210026444,2020-09-02 00:00:00.000000000
LU2210027095,2020-09-02 00:00:00.000000000
LU2210027335,2020-09-02 00:00:00.000000000
LU2210027509,2020-09-02 00:00:00.000000000
LU2210036088,2020-09-02 00:00:00.000000000
LU2210151267,2020-08-20 00:00:00.000000000
LU2214901006,2020-09-15 00:00:00.000000000
LU2214901188,2020-09-15 00:00:00.000000000
LU2214901261,2020-09-15 00:00:00.000000000
LU2214901345,2020-09-15 00:00:00.000000000
LU2214901428,2020-09-15 00:00:00.000000000
LU2214901691,2020-09-15 00:00:00.000000000
LU2214901774,2020-09-15 00:00:00.000000000
LU2214901857,2020-09-15 00:00:00.000000000
LU2214901931,2020-09-15 00:00:00.000000000
LU2214902079,2020-09-15 00:00:00.000000000
LU2214902152,2020-09-02 00:00:00.000000000
LU2226123144,2020-10-01 00:00:00.000000000
LU2226123227,2020-10-01 00:00:00.000000000
LU2226123490,2020-10-01 00:00:00.000000000
LU2239851657,2020-10-19 00:00:00.000000000
LU2248076437,2020-11-04 00:00:00.000000000
LU2253109396,2020-12-01 00:00:00.000000000
LU2255682606,2020-12-01 00:00:00.000000000
LU2257828140,2021-03-17 00:00:00.000000000
LU2260665604,2020-12-10 00:00:00.000000000
LU2304361186,2021-04-29 00:00:00.000000000
LU2304361343,2021-04-29 00:00:00.000000000
LU2333587033,2021-04-29 00:00:00.000000000
LU2342234379,2021-05-28 00:00:00.000000000
LU2342234452,2021-05-28 00:00:00.000000000
LU2342234536,2021-05-28 00:00:00.000000000
LU2342241150,2021-08-03 00:00:00.000000000
LU2342241234,2021-08-03 00:00:00.000000000
LU2342241317,2021-08-03 00:00:00.000000000
LU2342241408,2021-08-03 00:00:00.000000000
LU2342241580,2021-08-03 00:00:00.000000000
LU2342241663,2021-08-03 00:00:00.000000000
LU2342241747,2021-08-03 00:00:00.000000000
LU2342242042,2021-08-03 00:00:00.000000000
LU2342242125,2021-08-03 00:00:00.000000000
LU2342242398,2021-08-03 00:00:00.000000000
LU2342242471,2021-08-03 00:00:00.000000000
LU2342242554,2021-08-03 00:00:00.000000000
LU2342242638,2021-08-03 00:00:00.000000000
LU2342242711,2021-08-03 00:00:00.000000000
LU2342242802,2021-08-03 00:00:00.000000000
LU2342243016,2021-08-03 00:00:00.000000000
LU2342243107,2021-08-03 00:00:00.000000000
LU2342243289,2021-08-03 00:00:00.000000000
LU2342243362,2021-06-10 00:00:00.000000000
LU2346853257,2021-06-10 00:00:00.000000000
LU2351303867,2021-06-30 00:00:00.000000000
LU2352863430,2021-06-30 00:00:00.000000000
LU2352863513,2021-06-30 00:00:00.000000000
LU2364419890,2021-08-10 00:00:00.000000000
LU2384414632,2021-10-07 00:00:00.000000000
LU2394801877,2021-11-09 00:00:00.000000000
LU2401547067,2021-11-09 00:00:00.000000000
LU2401550368,2021-11-09 00:00:00.000000000
LU2401550954,2021-11-09 00:00:00.000000000
LU2401589812,2021-11-09 00:00:00.000000000
LU2409249609,2022-02-18 00:00:00.000000000
LU2409249781,2022-02-18 00:00:00.000000000
LU2427243485,2022-01-18 00:00:00.000000000
LU2427243568,2022-01-18 00:00:00.000000000
LU2441282543,2022-02-25 00:00:00.000000000
LU2441282626,2022-02-25 00:00:00.000000000
LU2441282899,2022-02-25 00:00:00.000000000
LU2441282972,2022-02-25 00:00:00.000000000
LU2441283277,2022-02-25 00:00:00.000000000
LU2441562746,2022-02-25 00:00:00.000000000
LU2461273364,2022-04-29 00:00:00.000000000
LU2505548938,2022-08-17 00:00:00.000000000
LU2512261566,2022-08-31 00:00:00.000000000
LU2531796352,2023-05-10 00:00:00.000000000
LU2531796436,2023-05-10 00:00:00.000000000
LU2531796519,2023-05-10 00:00:00.000000000
LU2531796600,2023-05-10 00:00:00.000000000
LU2531796865,2023-05-10 00:00:00.000000000
LU2541417809,2022-10-31 00:00:00.000000000
LU2543851237,2022-10-31 00:00:00.000000000
LU2543851310,2022-10-31 00:00:00.000000000
LU2543851401,2022-10-31 00:00:00.000000000
LU2543851583,2022-10-31 00:00:00.000000000
LU2545422458,2022-11-07 00:00:00.000000000
LU2548014708,2022-12-19 00:00:00.000000000
LU2548014880,2022-12-19 00:00:00.000000000
LU2548014963,2022-12-19 00:00:00.000000000
LU2548015002,2022-12-19 00:00:00.000000000
LU2548015184,2022-12-19 00:00:00.000000000
LU2548015267,2022-12-19 00:00:00.000000000
LU2548015341,2022-12-19 00:00:00.000000000
LU2548015424,2022-12-19 00:00:00.000000000
LU2548015697,2022-12-19 00:00:00.000000000
LU2548015770,2022-12-19 00:00:00.000000000
LU2548016075,2022-12-19 00:00:00.000000000
LU2553542486,2022-11-23 00:00:00.000000000
LU2564094709,2022-12-29 00:00:00.000000000
LU2575866004,2023-02-09 00:00:00.000000000
LU2577871176,2023-02-09 00:00:00.000000000
LU2581803488,2023-02-14 00:00:00.000000000
LU2581803561,2023-02-14 00:00:00.000000000
LU2581803645,2023-02-14 00:00:00.000000000
LU2581803728,2023-02-14 00:00:00.000000000
LU2584107002,2023-02-28 00:00:00.000000000
LU2584112341,2023-02-28 00:00:00.000000000
LU2589257349,2023-03-16 00:00:00.000000000
LU2589257422,2023-03-16 00:00:00.000000000
LU2599888455,2023-04-12 00:00:00.000000000
LU2614965189,2023-05-16 00:00:00.000000000
LU2637236436,2023-07-11 00:00:00.000000000
LU2637236519,2023-07-11 00:00:00.000000000
LU2637236782,2023-07-11 00:00:00.000000000
LU2637236865,2023-07-11 00:00:00.000000000
LU2645735056,2023-08-01 00:00:00.000000000
LU2645735130,2023-09-06 00:00:00.000000000
LU2660304283,2023-12-07 00:00:00.000000000
LU2660304440,2023-12-07 00:00:00.000000000
LU2660304796,2023-12-07 00:00:00.000000000
LU2660304879,2023-12-07 00:00:00.000000000
LU2660304952,2023-12-07 00:00:00.000000000
LU2660305090,2023-12-07 00:00:00.000000000
LU2660305173,2023-12-07 00:00:00.000000000
LU2660305256,2023-12-07 00:00:00.000000000
LU2660381604,2023-12-07 00:00:00.000000000
LU2660381786,2023-12-07 00:00:00.000000000
LU2660381943,2023-12-07 00:00:00.000000000
LU2687208392,2023-10-17 00:00:00.000000000
LU2715956624,2023-12-13 00:00:00.000000000
LU2725961234,2023-12-20 00:00:00.000000000
LU2740296764,2024-01-17 00:00:00.000000000
LU2751675765,2024-02-21 00:00:00.000000000
LU2760873559,2024-03-08 00:00:00.000000000
LU2780518978,2024-04-03 00:00:00.000000000
LU2804514870,2024-05-24 00:00:00.000000000
LU2826601309,2024-07-03 00:00:00.000000000
LU2832951920,2024-08-08 00:00:00.000000000
LU2832952068,2024-07-10 00:00:00.000000000
LU2832952142,2024-07-17 00:00:00.000000000
LU2858015675,2024-07-26 00:00:00.000000000
US4710211057,1993-09-13 00:00:00.000000000
US4710212048,1993-09-13 00:00:00.000000000
US4710213038,1993-09-13 00:00:00.000000000
US4710213111,2022-01-26 00:00:00.000000000
US4710213293,2022-01-26 00:00:00.000000000
US4710214028,1993-09-13 00:00:00.000000000
US4710214366,2003-05-01 00:00:00.000000000
US4710214515,2002-12-31 00:00:00.000000000
US4710215017,1993-09-13 00:00:00.000000000
US4710215504,2000-01-18 00:00:00.000000000
US4710215686,2000-01-18 00:00:00.000000000
US4710216189,1999-12-31 00:00:00.000000000
US4710216429,1999-12-31 00:00:00.000000000
US4710216676,1999-12-31 00:00:00.000000000
US4710216759,1999-12-31 00:00:00.000000000
US4710216833,1999-12-31 00:00:00.000000000
US4710216916,1999-12-31 00:00:00.000000000
US4710217096,1994-05-02 00:00:00.000000000
US4710217179,1999-12-31 00:00:00.000000000
US4710218656,1997-05-01 00:00:00.000000000
US4710232004,1991-05-15 00:00:00.000000000
US4710232343,2009-07-06 00:00:00.000000000
US4710232426,2009-07-06 00:00:00.000000000
US4710232590,2009-07-06 00:00:00.000000000
US4710232673,2009-07-06 00:00:00.000000000
US4710232756,2009-07-06 00:00:00.000000000
US4710232830,2009-07-06 00:00:00.000000000
US4710232913,2009-07-06 00:00:00.000000000
US4710233093,2005-02-25 00:00:00.000000000
US4710233176,2009-07-06 00:00:00.000000000
US4710233259,2009-07-06 00:00:00.000000000
US4710233333,2009-07-06 00:00:00.000000000
US4710233416,2009-07-06 00:00:00.000000000
US4710233580,2009-07-06 00:00:00.000000000
US4710234570,2009-07-06 00:00:00.000000000
US4710234653,2009-07-06 00:00:00.000000000
US4710234737,2009-07-06 00:00:00.000000000
US4710234810,2009-07-06 00:00:00.000000000
US4710234992,2005-12-30 00:00:00.000000000
US4710235072,1985-04-30 00:00:00.000000000
US4710235155,2005-12-30 00:00:00.000000000
US4710235239,2005-12-30 00:00:00.000000000
US4710235494,2005-02-25 00:00:00.000000000
US4710235643,1985-02-14 00:00:00.000000000
US4710235726,1987-10-21 00:00:00.000000000
US4710235981,1998-08-12 00:00:00.000000000
US4710236062,1987-07-07 00:00:00.000000000
US4710236484,2000-06-30 00:00:00.000000000
US4710236559,2000-02-29 00:00:00.000000000
US4710236633,1998-12-31 00:00:00.000000000
US4710236716,1998-12-31 00:00:00.000000000
US4710237623,1995-12-29 00:00:00.000000000
US4710238043,1992-09-01 00:00:00.000000000
US4710238464,1994-05-02 00:00:00.000000000
US4710238530,1993-05-03 00:00:00.000000000
US4710238795,1992-09-01 00:00:00.000000000
US4710238878,1992-09-01 00:00:00.000000000
US47103A1043,2009-07-06 00:00:00.000000000
US47103A2033,2009-07-06 00:00:00.000000000
US47103A3023,2009-07-06 00:00:00.000000000
US47103A4013,2009-07-06 00:00:00.000000000
US47103A5002,2009-07-06 00:00:00.000000000
US47103A5671,2009-07-06 00:00:00.000000000
US47103A5754,2007-11-28 00:00:00.000000000
US47103A5838,2007-11-28 00:00:00.000000000
US47103A5911,2007-11-28 00:00:00.000000000
US47103A6091,2009-07-06 00:00:00.000000000
US47103A6174,2007-11-28 00:00:00.000000000
US47103A6257,2009-07-06 00:00:00.000000000
US47103A6331,1997-05-01 00:00:00.000000000
US47103A6414,2004-09-30 00:00:00.000000000
US47103A6588,2005-11-28 00:00:00.000000000
US47103A6661,2002-09-30 00:00:00.000000000
US47103A6745,2004-09-30 00:00:00.000000000
US47103A6828,2009-07-06 00:00:00.000000000
US47103A6901,2005-12-30 00:00:00.000000000
US47103A7081,2009-07-06 00:00:00.000000000
US47103A7164,2005-12-30 00:00:00.000000000
US47103A7248,2005-12-30 00:00:00.000000000
US47103A7321,2005-12-30 00:00:00.000000000
US47103A8071,2009-07-06 00:00:00.000000000
US47103A8568,2009-07-06 00:00:00.000000000
US47103A8642,2009-07-06 00:00:00.000000000
US47103A8725,2009-07-06 00:00:00.000000000
US47103A8808,2009-07-06 00:00:00.000000000
US47103C1678,2009-07-06 00:00:00.000000000
US47103C1751,2009-07-06 00:00:00.000000000
US47103C1835,2009-07-06 00:00:00.000000000
US47103C1918,2009-07-06 00:00:00.000000000
US47103C2171,2009-07-06 00:00:00.000000000
US47103C2254,2009-07-06 00:00:00.000000000
US47103C2338,2009-07-06 00:00:00.000000000
US47103C2411,2009-07-06 00:00:00.000000000
US47103C2585,2009-07-06 00:00:00.000000000
US47103C2668,2009-07-06 00:00:00.000000000
US47103C2742,2009-07-06 00:00:00.000000000
US47103C2825,2013-03-15 00:00:00.000000000
US47103C2908,2009-07-06 00:00:00.000000000
US47103C3161,2009-07-06 00:00:00.000000000
US47103C3245,2009-07-06 00:00:00.000000000
US47103C3328,2009-07-06 00:00:00.000000000
US47103C3401,2009-07-06 00:00:00.000000000
US47103C3575,2009-07-06 00:00:00.000000000
US47103C3658,2009-07-06 00:00:00.000000000
US47103C3732,2009-07-06 00:00:00.000000000
US47103C4490,2009-07-06 00:00:00.000000000
US47103C4565,2009-07-06 00:00:00.000000000
US47103C4649,2009-07-06 00:00:00.000000000
US47103C4722,2009-07-06 00:00:00.000000000
US47103C4805,2009-07-06 00:00:00.000000000
US47103C4987,2009-07-06 00:00:00.000000000
US47103C5067,2009-07-06 00:00:00.000000000
US47103C5141,2009-07-06 00:00:00.000000000
US47103C5224,2009-07-06 00:00:00.000000000
US47103C5307,2009-07-06 00:00:00.000000000
US47103C5489,2009-07-06 00:00:00.000000000
US47103C5554,2009-07-06 00:00:00.000000000
US47103C5638,2009-07-06 00:00:00.000000000
US47103C5711,2009-07-06 00:00:00.000000000
US47103C5893,2009-07-06 00:00:00.000000000
US47103C5976,2009-07-06 00:00:00.000000000
US47103C6057,2009-07-06 00:00:00.000000000
US47103C6131,2009-07-06 00:00:00.000000000
US47103C6214,2009-07-06 00:00:00.000000000
US47103C6396,2009-07-06 00:00:00.000000000
US47103C6479,2009-07-06 00:00:00.000000000
US47103C6545,2009-07-06 00:00:00.000000000
US47103C7048,2009-07-06 00:00:00.000000000
US47103C7204,2009-07-06 00:00:00.000000000
US47103C7386,2009-07-06 00:00:00.000000000
US47103C7469,2009-07-06 00:00:00.000000000
US47103C7535,2009-07-06 00:00:00.000000000
US47103C7618,2009-07-06 00:00:00.000000000
US47103C7790,2009-07-06 00:00:00.000000000
US47103C7873,2009-07-06 00:00:00.000000000
US47103C7956,2009-07-06 00:00:00.000000000
US47103C8038,2009-07-06 00:00:00.000000000
US47103C8111,2009-07-06 00:00:00.000000000
US47103C8293,2009-07-06 00:00:00.000000000
US47103C8376,2009-07-06 00:00:00.000000000
US47103C8459,2009-07-06 00:00:00.000000000
US47103C8525,2009-07-06 00:00:00.000000000
US47103C8608,2009-07-06 00:00:00.000000000
US47103C8780,2009-07-06 00:00:00.000000000
US47103C8863,2009-07-06 00:00:00.000000000
US47103D1081,2012-05-31 00:00:00.000000000
US47103D1735,2017-01-27 00:00:00.000000000
US47103D1818,2017-01-27 00:00:00.000000000
US47103D1990,2017-01-27 00:00:00.000000000
US47103D2071,2017-08-04 00:00:00.000000000
US47103D2980,2015-02-06 00:00:00.000000000
US47103D3145,2014-12-22 00:00:00.000000000
US47103D3970,2014-05-27 00:00:00.000000000
US47103D4051,2012-07-12 00:00:00.000000000
US47103D4135,2014-05-27 00:00:00.000000000
US47103D4218,2014-05-27 00:00:00.000000000
US47103D4390,2014-05-27 00:00:00.000000000
US47103D4473,2014-05-27 00:00:00.000000000
US47103D4549,2014-05-27 00:00:00.000000000
US47103D4622,2014-05-27 00:00:00.000000000
US47103D4705,2014-02-28 00:00:00.000000000
US47103D4887,2014-02-28 00:00:00.000000000
US47103D4960,2014-02-28 00:00:00.000000000
US47103D5041,2012-05-31 00:00:00.000000000
US47103D5124,2014-02-28 00:00:00.000000000
US47103D5207,2014-02-28 00:00:00.000000000
US47103D5389,2014-02-28 00:00:00.000000000
US47103D5462,2014-02-28 00:00:00.000000000
US47103D6031,2012-05-31 00:00:00.000000000
US47103D7286,2012-05-31 00:00:00.000000000
US47103D7369,2017-08-04 00:00:00.000000000
US47103D7443,2012-05-31 00:00:00.000000000
US47103D7773,2017-08-04 00:00:00.000000000
US47103D7856,2012-05-31 00:00:00.000000000
US47103D7930,2012-05-31 00:00:00.000000000
US47103D8193,2012-05-31 00:00:00.000000000
US47103D8276,2012-05-31 00:00:00.000000000
US47103D8359,2012-05-31 00:00:00.000000000
US47103D8508,2012-05-31 00:00:00.000000000
US47103D8680,2017-08-04 00:00:00.000000000
US47103D8763,2017-08-04 00:00:00.000000000
US47103E1221,2014-10-28 00:00:00.000000000
US47103E1718,2011-12-15 00:00:00.000000000
US47103E1890,2011-12-15 00:00:00.000000000
US47103E1973,2011-12-15 00:00:00.000000000
US47103E2054,1992-09-01 00:00:00.000000000
US47103E2138,2011-12-15 00:00:00.000000000
US47103E2211,2011-12-15 00:00:00.000000000
US47103E2393,2011-12-15 00:00:00.000000000
US47103E3045,2000-02-29 00:00:00.000000000
US47103E3201,2011-07-29 00:00:00.000000000
US47103E3383,2011-07-29 00:00:00.000000000
US47103E3466,2011-07-29 00:00:00.000000000
US47103E3532,2011-07-29 00:00:00.000000000
US47103E3615,2011-07-29 00:00:00.000000000
US47103E3797,2011-07-29 00:00:00.000000000
US47103E3870,2011-05-06 00:00:00.000000000
US47103E3953,2011-05-06 00:00:00.000000000
US47103E4035,1992-09-01 00:00:00.000000000
US47103E4118,2011-05-06 00:00:00.000000000
US47103E4290,2011-05-06 00:00:00.000000000
US47103E5024,1987-07-07 00:00:00.000000000
US47103E6436,1987-10-21 00:00:00.000000000
US47103E6501,1998-08-12 00:00:00.000000000
US47103E6683,2005-02-25 00:00:00.000000000
US47103E6766,1985-04-30 00:00:00.000000000
US47103E6923,2005-02-25 00:00:00.000000000
US47103E7004,1998-12-31 00:00:00.000000000
US47103E7186,2005-12-30 00:00:00.000000000
US47103E7269,2005-12-30 00:00:00.000000000
US47103E7343,2005-12-30 00:00:00.000000000
US47103E7426,1992-09-01 00:00:00.000000000
US47103E7590,1993-05-03 00:00:00.000000000
US47103E7756,1994-05-02 00:00:00.000000000
US47103E7830,2000-06-30 00:00:00.000000000
US47103E8333,1995-12-29 00:00:00.000000000
US47103E8416,1991-05-15 00:00:00.000000000
US47103E8663,1998-12-31 00:00:00.000000000
US47103E8820,2010-02-16 00:00:00.000000000
US47103X4438,2017-06-05 00:00:00.000000000
US47103X4503,2017-06-05 00:00:00.000000000
US47103X4842,2015-11-30 00:00:00.000000000
US47103X4925,2009-03-31 00:00:00.000000000
US47103X5187,2017-06-05 00:00:00.000000000
US47103X5260,2006-11-30 00:00:00.000000000
US47103X5344,2006-11-30 00:00:00.000000000
US47103X5591,2017-06-05 00:00:00.000000000
US47103X5674,2017-06-05 00:00:00.000000000
US47103X5914,2015-11-30 00:00:00.000000000
US47103X6177,2009-03-31 00:00:00.000000000
US47103X6250,2017-06-05 00:00:00.000000000
US47103X6334,2001-08-31 00:00:00.000000000
US47103X6417,2001-08-31 00:00:00.000000000
US47103X6664,2017-06-05 00:00:00.000000000
US47103X6748,2017-06-05 00:00:00.000000000
US47103X7167,2015-11-30 00:00:00.000000000
US47103X7241,2010-12-31 00:00:00.000000000
US47103X7324,2017-06-05 00:00:00.000000000
US47103X7407,2010-12-31 00:00:00.000000000
US47103X7571,2010-12-31 00:00:00.000000000
US47103X7738,2017-06-05 00:00:00.000000000
US47103X7811,2017-06-05 00:00:00.000000000
US47103X8231,2015-11-30 00:00:00.000000000
US47103X8314,2012-08-01 00:00:00.000000000
US47103X8496,2017-06-05 00:00:00.000000000
US47103X8561,2012-08-01 00:00:00.000000000
US47103X8645,2012-08-01 00:00:00.000000000
US47103Y4742,2024-07-23 00:00:00.000000000
US47103Y4825,2022-12-20 00:00:00.000000000
US47103Y4908,2022-12-20 00:00:00.000000000
US47103Y5160,2022-12-20 00:00:00.000000000
US47103Y5327,2021-01-28 00:00:00.000000000
US47103Y5400,2020-06-25 00:00:00.000000000
US47103Y5574,2020-06-25 00:00:00.000000000
US47103Y5657,2020-06-25 00:00:00.000000000
US47103Y5731,2020-06-25 00:00:00.000000000
US47103Y5814,2020-06-25 00:00:00.000000000
US47103Y5996,2020-06-25 00:00:00.000000000
US47103Y6150,2020-06-25 00:00:00.000000000
US47103Y6234,2018-01-26 00:00:00.000000000
US47103Y6317,2018-01-26 00:00:00.000000000
US47103Y6499,2018-01-26 00:00:00.000000000
US47103Y7711,2017-06-05 00:00:00.000000000
US47103Y7893,2017-06-05 00:00:00.000000000
US47103Y8214,2015-11-30 00:00:00.000000000
US47103Y8396,2011-04-29 00:00:00.000000000
US47103Y8479,2017-06-05 00:00:00.000000000
US47103Y8545,2003-09-30 00:00:00.000000000
US47103Y8628,2003-09-30 00:00:00.000000000
,2020-11-27 00:00:00.000000000
,
,
,
,
,
,
,
,
1523,1970-01-01 00:00:00.000001524
