ISIN,AMC (M* Management Fee)
AU0000044828,0.45
AU0000169229,0.8
AU0000209348,0.85
AU0000254278,0.5
AU60ETL01863,
AU60ETL03315,1.1
AU60HGI17949,0.7
AU60HGI34266,0.85
AU60HGI37475,0.5
AU60HGI41881,
AU60HGI46484,0.9
AU60HGI54686,0.95
AU60HGI59909,
AU60HGI71276,0.8
AU60HGI84469,0.7
AU60HOW00528,
AU60HOW01658,
AU60HOW55043,
AU60HOW87434,
AU60IOF00463,0.45
AU60IOF00471,0.3
AU60IOF01115,0.25
AU60IOF01131,0.35
AU60IOF01271,0.55
AU60IOF01412,0.1
AU60IOF01453,0.45
GB0001397008,1.5
GB0001920486,1.15
GB0001990497,0.3
GB0002398047,1.5
GB0002540127,1.5
GB0002643673,1.15
GB0002703972,1.5
GB0002725421,1.5
GB0002762101,1.15
GB0002794682,1.5
GB0002796067,1.5
GB0003222873,1.5
GB0003232138,0.75
GB0003243465,1.25
GB0003486148,1.5
GB0004209762,1.5
GB0004210323,0.5
GB0004210760,
GB0004213228,1.5
GB0004213442,0.5
GB0004213772,
GB0004216239,1.5
GB0004218169,1.5
GB0004489455,0.25
GB0005006183,1.5
GB0005027221,1.5
GB0005027338,1.5
GB0005030043,0.75
GB0005030373,0.75
GB0005211817,1.5
GB0006155450,
GB0006155674,
GB0007017907,0.95
GB0007018194,1.5
GB0007033870,0.95
GB0007447286,1.5
GB0007447625,0.75
GB0007451072,0.7
GB0007451965,0.45
GB0007452377,0.45
GB0007476087,1.5
GB0007476426,0.75
GB0007493033,1.5
GB0007493470,0.75
GB0007494221,0.75
GB0007495293,1.15
GB0007502080,0.6
GB0007533820,0.6
GB0007673055,0.75
GB0007674244,0.5
GB0007674467,0.5
GB0007680183,1.5
GB0007681603,0.75
GB0007683203,1.5
GB0007685026,0.75
GB0007698847,1.5
GB0007716078,0.75
GB0008058074,1.5
GB0008063942,0.75
GB0008068446,0.75
GB0008088170,1.5
GB0008088394,1.5
GB0008089251,1.15
GB0008089368,1.15
GB0008106527,1.5
GB0008109208,1.5
GB0008110644,1.5
GB0008112467,1.5
GB0008127119,1.5
GB0008136391,1.5
GB0008158734,1.5
GB0008160250,1.5
GB0008160706,1.5
GB0008160813,1.5
GB0008165531,1.5
GB0008165861,1.5
GB0008446956,1.5
GB0009065060,0.35
GB0009580571,0.5
GB0009604389,1.5
GB0009665448,1.5
GB0009732768,1.5
GB0009749127,1.5
GB0009751644,1.5
GB0030164460,1.5
GB0030388820,1.5
GB0030388937,1.5
GB0030617699,0.75
GB0030617707,1.5
GB0030714900,0.95
GB0030715089,0.95
GB0030956832,0.75
GB0030956949,1.5
GB0030997042,1.5
GB0030997158,1.5
GB0031034902,1.5
GB0031053118,1.5
GB0031108763,0.75
GB0031109514,0.75
GB0031250524,1.5
GB0031252678,1.5
GB0031252785,1.5
GB0031263899,0.75
GB0031412744,1.5
GB0031412850,1.5
GB0031412967,0.75
GB0031413049,0.75
GB0031413593,1.5
GB0031429219,0.3
GB0031731259,1.5
GB0031833402,1.5
GB0031860595,1.5
GB0031860934,1.5
GB0031861015,1.5
GB0031919235,0.75
GB0031919342,1.5
GB0032046509,1.5
GB0032046616,1.25
GB0032049289,1.5
GB0032049396,1.25
GB0032209792,1.5
GB0032332784,1.5
GB0032377201,1.5
GB0032381765,1.15
GB0032385857,0.75
GB0032437948,1.5
GB0032438466,1.5
GB0032473653,0.75
GB0032477308,1.25
GB0032477522,0.5
GB0032477639,1.25
GB0032556929,1.25
GB0032557000,1.25
GB0032653676,1.5
GB0032653890,1.5
GB0032653908,1.5
GB0032733262,1.5
GB0033169425,1.5
GB0033169755,0.95
GB0033169862,1.5
GB0033189373,0.75
GB0033326587,1.5
GB0033326702,1.25
GB0033328526,1.5
GB0033328963,1.5
GB0033330712,1.15
GB0033330829,1.5
GB0033331017,0.75
GB0033331231,1.5
GB0033331678,1.5
GB0033332080,1.5
GB0033365312,1.15
GB0033514828,0.0
GB0033515122,0.0
GB0033681031,0.0
GB0033777896,1.25
GB0033822007,1.5
GB0033822999,1.5
GB0033840132,0.625
GB0033973560,1.25
GB0033997940,1.15
GB0033998021,1.15
GB0033998138,1.15
GB0034021427,0.625
GB0034021534,0.625
GB0034021641,0.625
GB0034219328,0.0
GB0034219435,1.5
GB0034219658,0.0
GB0034219989,0.0
GB0034276286,0.5
GB00B00K2P80,0.3
GB00B00K2Q97,0.3
GB00B00K2R05,0.0
GB00B00K2Z88,0.3
GB00B00K3006,0.3
GB00B00K3113,0.0
GB00B01RTS09,1.5
GB00B01T1F74,1.25
GB00B01T1G81,1.25
GB00B01T2Q54,1.25
GB00B020H958,0.0
GB00B02W2291,1.125
GB00B02ZBV03,0.5
GB00B02ZBX27,0.3
GB00B03TNM64,0.0
GB00B03TPL97,0.0
GB00B03WSZ36,0.625
GB00B046PC03,1.5
GB00B046PF34,1.5
GB00B068CD42,1.25
GB00B06CPG09,1.5
GB00B06G4Z40,1.125
GB00B06G5068,1.125
GB00B06G5514,1.125
GB00B06G5515,1.125
GB00B06G8Q39,1.5
GB00B06G8R46,1.5
GB00B06G8S52,1.5
GB00B06L7J47,
GB00B06LCP51,1.5
GB00B06T5279,1.5
GB00B06T5386,1.5
GB00B06T5493,1.5
GB00B06T5501,1.5
GB00B06T5618,1.5
GB00B06T5725,1.5
GB00B0C3X746,1.5
GB00B0C6K167,0.95
GB00B0C9GW89,0.95
GB00B0D09R62,0.3
GB00B0H34Y35,0.0
GB00B0H53J71,0.95
GB00B0HZFB34,1.5
GB00B0JYQW68,0.0
GB00B0K9KH36,1.25
GB00B0K9N298,1.25
GB00B0K9VW59,1.5
GB00B0K9XZ21,1.5
GB00B0LBR663,1.25
GB00B0LL7Q68,1.15
GB00B0LMB672,1.5
GB00B0LYSF14,0.3
GB00B0LYSG21,0.0
GB00B0LYSH38,0.5
GB00B0LZBB16,0.3
GB00B0MM5X18,1.25
GB00B0MM9F16,1.5
GB00B0N31573,1.5
GB00B0P42H77,1.5
GB00B0P7Y922,1.25
GB00B0PG4T93,1.5
GB00B0PKSC27,0.625
GB00B0YVM244,1.5
GB00B0YVM467,1.25
GB00B0YVNT86,1.15
GB00B0Z1MP63,1.5
GB00B0Z53118,1.5
GB00B0ZDNH16,1.25
GB00B0ZGLT86,0.5
GB00B0ZGMC84,0.5
GB00B0ZGMF16,0.5
GB00B0ZKHN66,1.25
GB00B0ZL9T97,1.5
GB00B0ZL9V10,1.5
GB00B0ZLB823,1.5
GB00B0ZLB930,1.5
GB00B0ZLCP68,1.5
GB00B0ZLCQ75,1.5
GB00B0ZLFF75,0.0
GB00B0ZY6B93,1.5
GB00B10QS005,1.5
GB00B10QS336,1.5
GB00B10QS559,0.95
GB00B11PYN15,1.5
GB00B11Q0P86,1.5
GB00B11Q0R01,1.5
GB00B11TDF81,1.15
GB00B11TDH06,1.5
GB00B11XYG89,1.5
GB00B13ZX323,1.25
GB00B13ZY511,1.5
GB00B1438639,1.5
GB00B1442M04,1.5
GB00B1443T48,1.5
GB00B17KPM65,1.15
GB00B17M7824,0.625
GB00B17M7931,1.5
GB00B1809L28,0.2
GB00B19FLZ44,1.25
GB00B1CKQF12,1.5
GB00B1CKS446,1.5
GB00B1FR8Q49,0.75
GB00B1FR8R55,1.5
GB00B1FR8S62,1.5
GB00B1FR8T79,0.95
GB00B1GC6T71,1.15
GB00B1GJNX12,1.25
GB00B1GK1M92,1.15
GB00B1J11W98,1.5
GB00B1J11Y13,1.5
GB00B1J2ST80,1.5
GB00B1J2SW10,1.5
GB00B1J2SY34,1.5
GB00B1J2T060,1.5
GB00B1J2TC88,1.5
GB00B1J2TF10,1.5
GB00B1J36081,1.5
GB00B1J36206,1.5
GB00B1J36420,1.5
GB00B1J36750,1.5
GB00B1J36974,1.5
GB00B1J36C02,1.5
GB00B1L74484,0.6
GB00B1VGDC62,1.5
GB00B1VGDD79,1.5
GB00B1WMPS38,0.625
GB00B1WMPT45,1.5
GB00B1WMPV66,1.5
GB00B1WPDJ97,0.7
GB00B1WSC029,0.7
GB00B1WSC573,0.0
GB00B1WT7003,0.75
GB00B1WT7110,1.5
GB00B1WT7334,1.25
GB00B1WT7441,1.15
GB00B1WTK343,0.75
GB00B1WTK566,0.95
GB00B24CM439,1.5
GB00B24CMX25,0.95
GB00B28THS91,1.5
GB00B29Y5T00,0.45
GB00B29ZLW82,1.5
GB00B29ZM140,1.5
GB00B2QG5Q65,1.5
GB00B2QG5T96,1.5
GB00B2QG5V19,1.5
GB00B2RKL926,1.5
GB00B2RKLB47,1.5
GB00B2RKLC53,1.5
GB00B2RKLD60,1.15
GB00B2RKLF84,1.15
GB00B2RKLG91,1.15
GB00B2RKSM47,1.5
GB00B2RKT549,1.5
GB00B2RKTR66,1.5
GB00B3B4JF96,0.75
GB00B3BDK198,1.5
GB00B3BDK206,1.5
GB00B3BDK420,1.25
GB00B3BDK537,1.25
GB00B3BDK974,1.5
GB00B3BDKB93,1.5
GB00B3BDPL47,1.5
GB00B3BDPM53,1.5
GB00B3BDPP84,1.5
GB00B3BDPQ91,1.5
GB00B3BDPR09,1.15
GB00B3BDPS16,1.15
GB00B3BDPT23,1.5
GB00B3BDPW51,1.5
GB00B3BDQ773,0.95
GB00B3BDQ997,0.95
GB00B3BDQD38,0.75
GB00B3BDQF51,0.75
GB00B3CLNL30,1.25
GB00B3CLNM47,1.5
GB00B3CPX151,1.5
GB00B3CPX375,0.75
GB00B3CT7K45,1.5
GB00B3D49X55,1.5
GB00B3DBGZ75,1.5
GB00B3DBH095,1.5
GB00B3DBH541,0.6
GB00B3DYKR64,0.5
GB00B3FG3931,1.25
GB00B3FG3B57,1.5
GB00B3K5YN63,1.25
GB00B3K61166,1.5
GB00B3K61612,0.95
GB00B3KN5S29,1.5
GB00B3KN5V57,1.25
GB00B3KN5W64,1.5
GB00B3KN5X71,1.5
GB00B3KN6011,1.5
GB00B3KN6235,1.15
GB00B3KN8835,1.5
GB00B3KN8942,1.5
GB00B3KN8B66,1.5
GB00B3KN8D80,1.15
GB00B3KN8F05,1.5
GB00B3KN8M71,0.75
GB00B3KN8N88,0.95
GB00B3L49Y88,1.25
GB00B3L4B084,1.5
GB00B3L4C611,1.5
GB00B3L4CB62,0.95
GB00B3L4KS97,0.95
GB00B3LLF521,1.5
GB00B3M8NG92,1.5
GB00B3MLZ956,0.7
GB00B3MX6Y33,1.125
GB00B3NBHQ57,1.5
GB00B3PHCS86,0.575
GB00B3PJPM93,1.5
GB00B3QGT273,1.5
GB00B3QVWG79,1.5
GB00B3QXJQ23,1.5
GB00B3QXM638,0.6
GB00B3R26X49,1.15
GB00B3RDF749,1.5
GB00B3RT4203,1.5
GB00B3T32044,1.25
GB00B3T38Z17,1.5
GB00B3TTQV12,0.5
GB00B3TVDV62,1.5
GB00B3VCWF43,0.6
GB00B3VDZ582,1.15
GB00B3VN2918,1.5
GB00B3VZC642,1.5
GB00B3WR1X97,1.15
GB00B3X5HP65,1.5
GB00B3XNRK55,1.5
GB00B3Z2J374,1.5
GB00B3ZRDK71,1.15
GB00B4078N73,1.15
GB00B409PD29,0.7
GB00B412VB02,0.75
GB00B41FZF10,0.5
GB00B42TCM86,0.6
GB00B42VM571,1.15
GB00B43H2T82,1.5
GB00B43L0521,1.5
GB00B44F5L48,1.15
GB00B45GW269,1.5
GB00B45XDC47,1.5
GB00B463T369,1.5
GB00B463Y203,1.5
GB00B4JTJZ34,0.5
GB00B4JVJS21,1.5
GB00B4JVX467,1.5
GB00B4K8Z514,1.15
GB00B4KNFV27,1.15
GB00B4KPTR25,1.5
GB00B4KX5S91,0.3
GB00B4KXCG68,1.5
GB00B4LMJ388,0.75
GB00B4MTJQ14,1.15
GB00B4N77D77,0.5
GB00B4P4R697,0.625
GB00B4QHVK97,0.6
GB00B4R56V84,1.5
GB00B4VL7421,1.5
GB00B4W1D983,1.25
GB00B4W6RH96,1.5
GB00B4WKBT16,1.5
GB00B4X2C594,1.125
GB00B4Y1C447,1.25
GB00B4YXVT80,1.0
GB00B50VN861,1.5
GB00B51L3292,1.3
GB00B51R9749,0.5
GB00B51RN495,1.25
GB00B51Z2Z71,1.5
GB00B51Z5812,1.5
GB00B529JB32,0.7
GB00B54J0L85,0.75
GB00B5681Y35,0.5
GB00B56X7V74,1.5
GB00B56ZXF93,1.15
GB00B575TL64,1.15
GB00B57LBZ25,1.0
GB00B58P5X92,1.25
GB00B58RLX77,1.25
GB00B58YK641,1.15
GB00B590KM71,1.5
GB00B5BMZS29,0.5
GB00B5BT8739,1.5
GB00B5BTGN53,1.25
GB00B5KKCS68,1.5
GB00B5KKCX12,1.0
GB00B5KTVV95,0.0
GB00B5LN5X09,0.0
GB00B5LZWD55,1.15
GB00B5P5Y137,1.125
GB00B5PDYZ18,1.5
GB00B5SMF529,1.15
GB00B5T7PM36,0.75
GB00B5TPWM66,0.625
GB00B5TWYJ86,1.5
GB00B5VYGQ34,0.75
GB00B5W3L866,1.5
GB00B5WBM546,0.7
GB00B5WGH651,1.5
GB00B60F5Q72,1.125
GB00B60J6553,1.125
GB00B60W8701,1.5
GB00B60XBX02,1.15
GB00B60YHT19,1.25
GB00B60Z0952,1.5
GB00B60ZX639,0.95
GB00B6135H10,1.5
GB00B6193536,0.75
GB00B61H3Z77,0.0
GB00B62HVR46,1.15
GB00B62SGY92,0.75
GB00B633V157,1.0
GB00B63CMG44,0.45
GB00B63GZ232,1.25
GB00B65W2K67,0.5
GB00B6715Q82,0.5
GB00B67PDX37,1.5
GB00B68P2C40,1.5
GB00B68P3547,1.5
GB00B68SFJ13,0.75
GB00B68V5Y56,1.25
GB00B6RQV980,0.0
GB00B6RRQ855,0.0
GB00B6RRQB82,0.0
GB00B6SWKM12,1.25
GB00B6TX3022,1.25
GB00B6XY7V09,0.45
GB00B6YWFD12,1.5
GB00B6ZHN203,0.625
GB00B7167P92,1.15
GB00B716PN33,1.175
GB00B71DPP64,0.75
GB00B739TP06,1.5
GB00B74TXK27,1.3
GB00B75D7782,1.25
GB00B77CSM51,1.25
GB00B79BVS75,1.175
GB00B7BX6S68,1.15
GB00B7FFY956,1.5
GB00B7FNQ261,1.5
GB00B7GSYN71,0.6
GB00B7GZWL27,0.95
GB00B7JBM739,1.25
GB00B7JZZK97,0.75
GB00B7KYJH09,1.5
GB00B7M85J46,0.5
GB00B7MM5299,1.175
GB00B7N1FP89,1.3
GB00B7N7P453,1.15
GB00B7NHVR09,1.5
GB00B7PVFH84,1.5
GB00B7S7MS31,1.15
GB00B7S8R478,1.5
GB00B7V7B727,0.0
GB00B7VD8806,0.75
GB00B7VD9Z41,0.75
GB00B7W08J14,1.15
GB00B7YR0M72,0.5
GB00B8113P38,0.5
GB00B818S598,1.5
GB00B8289886,0.5
GB00B833F396,1.125
GB00B83JY963,0.95
GB00B83MQQ67,1.5
GB00B83N9J32,0.0
GB00B83VFR76,0.75
GB00B83WB618,1.5
GB00B84M8M53,1.5
GB00B85RDT13,1.15
GB00B87K9900,0.75
GB00B87M3G18,0.75
GB00B87TDF15,1.5
GB00B886PJ90,1.5
GB00B88HSJ33,0.75
GB00B88P7D42,1.15
GB00B89MF187,1.1
GB00B89YS045,1.1
GB00B8B1CF61,1.1
GB00B8B6NJ28,0.625
GB00B8BL1150,1.5
GB00B8BRW432,1.15
GB00B8DSVP82,1.15
GB00B8DWBL68,1.5
GB00B8GJGW07,0.45
GB00B8HLB865,1.25
GB00B8J9TP16,1.1
GB00B8J9W526,0.5
GB00B92MRV68,0.5
GB00B94Q8L39,0.5
GB00B94SCD93,0.5
GB00B96RS580,0.5
GB00B9DFQH34,0.5
GB00BBMJ9J35,1.5
GB00BBMJ9X78,1.5
GB00BBMJ9Y85,1.5
GB00BBMJC493,1.5
GB00BBMJC501,1.5
GB00BBMJC618,1.15
GB00BBPJF697,1.5
GB00BC1J4633,1.5
GB00BC1J4740,1.5
GB00BC1J4856,1.5
GB00BC1J4C93,0.75
GB00BD1FVK12,0.5
GB00BD3HZS16,0.75
GB00BD446V16,0.6
GB00BDD1JN64,0.0
GB00BDD1JP88,0.675
GB00BDD1JQ95,0.675
GB00BDZT6269,0.5
GB00BF2DD910,1.1
GB00BF2DDB37,0.5
GB00BF2DDC44,1.1
GB00BF2DDD50,1.1
GB00BF2DDF74,0.5
GB00BF2DDG81,1.1
GB00BF2DDH98,0.5
GB00BF2DDJ13,1.1
GB00BF2DDK28,1.1
GB00BF77XB05,0.6
GB00BF8DGS54,0.675
GB00BF8HV829,1.5
GB00BF8HV936,1.5
GB00BF95R100,1.5
GB00BF95R217,1.5
GB00BF95R324,1.5
GB00BFDTFR03,0.675
GB00BFDTFV49,0.75
GB00BFDTFW55,0.75
GB00BFNKSK77,0.75
GB00BG5GY242,0.675
GB00BGHPZ938,0.75
GB00BGHPZB55,0.75
GB00BGHPZC62,0.75
GB00BGK8VR99,0.45
GB00BGK8VS07,0.45
GB00BGK8VT14,
GB00BGQVHT66,1.5
GB00BHB1YY26,0.625
GB00BHTD8H17,0.675
GB00BJ00Z303,0.55
GB00BJ0LDZ17,0.45
GB00BJ0LF009,0.45
GB00BJ0LF116,1.0
GB00BJ0LF223,0.75
GB00BJ0LF330,0.75
GB00BJ0LF447,0.75
GB00BJ0LF553,0.75
GB00BJ0LF660,0.75
GB00BJ0LF777,0.75
GB00BJ0LF884,1.0
GB00BJ0LFB13,1.0
GB00BJ0LFC20,1.0
GB00BJ0LFD37,1.0
GB00BJ0LFF50,1.0
GB00BJ0LFG67,1.0
GB00BJ0LFH74,1.0
GB00BJ0LFJ98,1.0
GB00BJ0LFK04,0.65
GB00BJ0LFL11,0.65
GB00BJ0LFM28,1.0
GB00BJ0LFN35,1.0
GB00BJ0LFP58,1.0
GB00BJ0LFQ65,1.0
GB00BJ0LFR72,1.0
GB00BJ0LFS89,1.0
GB00BJ0LFT96,1.0
GB00BJ0LFW26,1.0
GB00BJ0LG072,0.5
GB00BJ0LG296,1.0
GB00BJ0LG304,0.625
GB00BJ0LG411,1.0
GB00BJ0LG528,1.0
GB00BJ0LG635,0.75
GB00BJ0LG742,0.75
GB00BJ0LG858,0.75
GB00BJ0LG965,1.0
GB00BJ0LGB87,1.0
GB00BJ0LGC94,1.0
GB00BJ0LGD02,1.0
GB00BJ0LGG33,0.45
GB00BJ0LGH40,0.45
GB00BJ0LGJ63,0.65
GB00BJ0LGK78,1.0
GB00BJ0LGL85,1.0
GB00BJ0LGN00,1.0
GB00BJ0LGP24,1.0
GB00BJ0LGV83,1.0
GB00BJ0LGW90,1.0
GB00BJ0LGX08,1.0
GB00BJLKXD51,0.75
GB00BJLKXF75,0.625
GB00BJLKXM43,0.75
GB00BJLKXN59,0.75
GB00BJLKY433,0.75
GB00BJLKY540,0.75
GB00BJTD6V58,0.55
GB00BJTM2B40,0.3
GB00BJTM2C56,0.3
GB00BJVDKZ57,1.5
GB00BK016M61,0.75
GB00BK4W8967,0.6
GB00BK4W8B89,0.6
GB00BKP52584,0.22
GB00BKP5XC23,0.75
GB00BKP5XD30,0.625
GB00BKP5XX36,0.75
GB00BKP5XY43,0.75
GB00BKP5ZQ09,0.75
GB00BKP5ZR16,0.75
GB00BKP5ZS23,0.6
GB00BKP5ZT30,0.6
GB00BKP65J61,0.75
GB00BKP65K76,0.625
GB00BKP65X06,0.75
GB00BKP65Y13,0.75
GB00BKP67236,0.75
GB00BKP67343,0.75
GB00BKP67459,0.6
GB00BKPHV137,0.4
GB00BKPHV350,0.4
GB00BKPJTG01,1.15
GB00BKPJTH18,0.65
GB00BKPJTJ32,0.6
GB00BKPJWZ03,0.5
GB00BKPJX022,0.5
GB00BKPJXK25,0.5
GB00BKPJXL32,0.5
GB00BKRCQL10,0.75
GB00BKRCQM27,0.75
GB00BKSB1F65,
GB00BKSB1H89,0.6
GB00BKSB1J04,0.6
GB00BKSB1K19,0.4
GB00BKSB1L26,0.4
GB00BKSB1M33,
GB00BKTCQ643,0.3
GB00BKTCQ759,0.3
GB00BKTDJZ77,0.5
GB00BKTDK099,0.5
GB00BKXGGK60,1.5
GB00BKYRW110,1.15
GB00BKYRW227,1.15
GB00BKYRW334,1.15
GB00BKYRW441,1.15
GB00BKYRW557,1.5
GB00BKYRW664,1.5
GB00BKYRW771,1.5
GB00BL1FVK72,0.22
GB00BLCYFW36,0.5
GB00BLCYFX43,0.5
GB00BLH39230,0.75
GB00BLKQKZ93,
GB00BLKQL237,
GB00BLKQL906,0.3
GB00BLSNGB01,0.6
GB00BMCF8689,0.55
GB00BMDBB886,0.4
GB00BMDBBG68,0.4
GB00BMDBBK05,0.4
GB00BMDBBL12,0.4
GB00BMDBBM29,0.4
GB00BMDZR592,0.75
GB00BMDZR600,0.75
GB00BMDZR717,0.38
GB00BMDZR824,0.38
GB00BMDZR931,
GB00BMDZRB59,
GB00BMX58Y51,0.5
GB00BMX58Z68,0.5
GB00BMY8B000,
GB00BN4NDR39,0.45
GB00BN7CMW56,0.75
GB00BN7CMX63,0.75
GB00BN7CMY70,0.38
GB00BN7CMZ87,0.38
GB00BNB7MY89,1.5
GB00BNB7MZ96,0.75
GB00BNB7N011,1.5
GB00BNB7N128,0.45
GB00BNB7N235,1.5
GB00BNXGHS27,0.5
GB00BNY89Y78,0.625
GB00BPH3DD08,0.75
GB00BPH3DF22,0.55
GB00BPH3DG39,0.4
GB00BPXXDJ03,0.65
GB00BPXXDK18,0.75
GB00BPXXDL25,0.75
GB00BPXXDM32,
GB00BPXXDN49,
GB00BPXXDP62,0.65
GB00BQ681623,
GB00BRBTV673,0.6
GB00BRJL1650,0.75
GB00BRJL1P41,0.75
GB00BRJL1Q57,0.75
GB00BSHRGN41,0.55
GB00BV9GP888,1.5
GB00BV9GP995,1.5
GB00BV9GPB14,1.15
GB00BV9GPC21,1.5
GB00BV9GPD38,1.5
GB00BV9GPF51,1.5
GB00BVGH2D81,1.5
GB00BVRYYL03,1.25
GB00BVZ6QT02,0.75
GB00BW0DQF92,1.5
GB00BW0DQG00,1.5
GB00BW0DQH17,1.5
GB00BW0DQJ31,1.5
GB00BXVMC989,0.6
GB00BYM2H885,0.0
GB00BYX7N285,0.75
GB00BYYWQW34,0.75
GB00BYYWQY57,0.75
GB00BYYWR319,0.75
GB00BZ00WR55,0.4
GB00BZ00WT79,0.4
GB00BZ01TH77,1.5
GB00BZ01TJ91,1.5
GB00BZ01TK07,1.5
GB00BZ0RQH48,0.625
GB00BZ0RQJ61,0.75
GB00BZ15CY61,1.5
IE0000OEM636,0.25
IE0000PUIKX8,0.6
IE0001256803,1.0
IE0001257090,1.0
IE0001262298,1.5
IE0001426232,0.95
IE0001AGQT34,1.0
IE0001V42J54,1.5
IE0002122038,1.5
IE0002128837,1.5
IE0002141913,1.5
IE0002167009,1.5
IE0002167660,1.5
IE0002175093,1.5
IE0002EYHYY1,0.7
IE00043S3004,0.3
IE0004444828,1.25
IE0004445015,1.0
IE0004445239,1.25
IE0004445676,1.0
IE0004445783,1.0
IE0004446757,1.0
IE0004446971,1.0
IE00044Z4IJ4,
IE0004858456,0.5
IE0004858563,0.5
IE000495KIK3,0.8
IE0004XWWXA2,
IE000534SO58,
IE00055RXH32,0.25
IE0005BJK3Q0,0.5
IE0005CE4D33,0.3
IE0005OL40V9,1.0
IE0005OODHM3,0.5
IE00064HGHF2,
IE0006WLFKW8,
IE00074FGIA4,0.5
IE0007RV6TK3,
IE000832UYS6,0.85
IE0008I0JXW0,0.85
IE0009354923,1.5
IE0009355771,1.5
IE0009356076,1.5
IE0009511647,1.25
IE0009514872,0.95
IE0009514989,1.0
IE0009515622,0.8
IE0009516141,1.0
IE0009516588,1.0
IE0009516810,0.55
IE0009516927,0.55
IE0009530639,1.0
IE0009531157,1.0
IE0009531603,0.65
IE0009531710,0.65
IE0009531827,1.25
IE0009532122,0.95
IE0009532239,0.95
IE0009533641,0.5
IE0009534052,0.35
IE0009534169,1.5
IE0009534383,1.5
IE0009534508,1.5
IE0009AZINF1,0.5
IE0009MIBWU7,1.25
IE0009P37MJ7,0.85
IE0009RAWLQ0,0.25
IE000AHNH3N2,0.65
IE000BL343U6,0.2
IE000DVZ2FO4,
IE000DYN3WR1,0.3
IE000EQSL973,0.3
IE000F1A4UV3,1.0
IE000FMB0163,1.0
IE000FXF8HX8,0.7
IE000G3N3NE7,
IE000GP4O479,1.25
IE000H2VA905,0.5
IE000HDDZ8A5,0.2
IE000HYW6F07,
IE000IZDQ0S8,0.25
IE000K4645T9,0.5
IE000KJSGS14,0.85
IE000KLTS776,0.85
IE000KUH9ZH5,
IE000L47VFB1,0.5
IE000MYR0A73,0.5
IE000N76ZS77,0.15
IE000OAAX4F2,
IE000Q70BG31,0.5
IE000QGLM3Y7,0.3
IE000QHKSTA0,0.15
IE000QV9L9H5,0.3
IE000RUGMMJ8,
IE000S525MX2,0.5
IE000S6FYYI6,0.6
IE000SYNS5I3,0.3
IE000TXTBWM7,0.7
IE000U1TEQK8,0.5
IE000UIBHNK4,
IE000UXG03U9,0.85
IE000V3UWH37,0.5
IE000V5XP672,
IE000VQFWE96,0.5
IE000VYSP3A8,
IE000W6OIVB6,1.0
IE000WX1VW28,1.25
IE000XEN1F67,1.5
IE000XWBFHZ3,1.5
IE000YJW2O06,0.6
IE000YN37IJ9,0.85
IE000YSTHZ65,1.0
IE000YTZ5BP2,
IE000ZC4REL0,1.0
IE000ZGL4571,0.3
IE000ZZO4GG7,0.85
IE0030804631,0.18
IE0030804748,0.18
IE0030805042,0.25
IE0030805158,0.25
IE0030805489,0.18
IE0030805596,0.18
IE0030805828,0.25
IE0030805935,0.25
IE0030806230,0.25
IE0030806347,0.25
IE0031118791,1.25
IE0031118809,1.0
IE0031118916,1.25
IE0031119104,1.0
IE0031119211,1.0
IE0031119328,1.0
IE0031119435,1.0
IE0031119542,0.65
IE0031119658,0.65
IE0033532841,0.23
IE0033532957,0.23
IE0033534441,1.25
IE0033534557,1.25
IE0033534664,1.25
IE0033534771,1.25
IE0033534888,1.0
IE0033534995,1.25
IE0033933767,0.25
IE0033934393,0.25
IE0033934955,0.25
IE0033935580,0.25
IE0033936117,0.25
IE0033936331,0.25
IE00B0332L05,0.25
IE00B0332S73,0.25
IE00B2B35J52,1.25
IE00B2B35R37,1.0
IE00B2B35V72,0.95
IE00B2B35Y04,0.95
IE00B2B35Z11,1.5
IE00B2B36255,1.5
IE00B2B36G96,1.5
IE00B2B36J28,1.5
IE00B2B36Q94,1.5
IE00B2B36V48,0.8
IE00B2B37667,1.0
IE00B2B37881,0.35
IE00B2N6J677,0.95
IE00B3LF0Q09,1.25
IE00B3LF0X75,1.0
IE00B3PWP390,0.55
IE00B3Q2NJ00,0.55
IE00B3R7SC21,1.0
IE00B3RVJ987,1.0
IE00B3S2VD85,1.5
IE00B3TND124,1.5
IE00B3VXZV45,1.5
IE00B3ZM0R87,0.55
IE00B3ZSZ594,0.5
IE00B40J9K78,0.5
IE00B40RV384,0.55
IE00B41CXQ90,0.55
IE00B43M7D28,0.55
IE00B44BD966,1.5
IE00B4JS1V06,1.0
IE00B4LJMZ29,0.5
IE00B4Q8M094,0.5
IE00B4R5TH58,1.5
IE00B4ZY3X89,1.0
IE00B5589841,1.0
IE00B5949003,1.5
IE00B59RGT74,0.65
IE00B613WX69,
IE00B613X556,
IE00B613X663,
IE00B64HKL97,1.0
IE00B67PWQ95,1.0
IE00B6Q97T05,0.5
IE00B6Q9B218,1.0
IE00B6Q9PT69,1.0
IE00B6QBS936,1.25
IE00B6QC9F93,1.0
IE00B6QCRZ57,0.5
IE00B6QCZK62,1.0
IE00B6QDJS55,1.25
IE00B6QDLV23,1.0
IE00B6QFF942,1.5
IE00B6QG7K24,0.5
IE00B6Y5G934,1.0
IE00B6Y5KJ15,1.25
IE00B6Y7ZF85,0.55
IE00B755XC12,0.8
IE00B775H168,1.0
IE00B7D1PH00,0.5
IE00B7GTJV38,1.0
IE00B7GTM146,1.0
IE00B7GTM815,1.0
IE00B7KXQ091,1.0
IE00B7Q0MG23,1.0
IE00B7VGZP57,0.8
IE00B7VHC356,1.25
IE00B808G672,0.35
IE00B83BYG91,1.0
IE00B8DQ2F94,
IE00B8GQ0T69,0.8
IE00B8W85S00,0.65
IE00B8XY4Y67,0.6
IE00B9520L40,0.8
IE00B95B5D80,0.8
IE00BD34XY49,0.55
IE00BD351Z49,0.4
IE00BD353363,0.4
IE00BD355P21,0.55
IE00BD358420,0.55
IE00BD359501,0.55
IE00BD359618,0.55
IE00BD3RYX91,0.4
IE00BD3RYY09,0.5
IE00BD860F54,0.8
IE00BD860G61,0.8
IE00BD860H78,0.8
IE00BD860J92,0.8
IE00BD861K72,0.55
IE00BD861N04,0.8
IE00BD8D5Z14,0.4
IE00BD8GP721,0.8
IE00BDFDKX76,1.0
IE00BF2GLT67,1.0
IE00BF2GLV89,1.0
IE00BF2GLW96,1.0
IE00BF2GM042,1.5
IE00BF2GM158,1.25
IE00BFRSTF92,0.6
IE00BFRSTG00,0.6
IE00BFRSYJ83,0.8
IE00BFRSYK98,0.8
IE00BFRSYS74,0.8
IE00BFRSYT81,0.8
IE00BFRSYW11,0.8
IE00BFRSYX28,0.4
IE00BFRSYY35,0.4
IE00BFRSYZ42,0.65
IE00BFRSZ065,0.65
IE00BFRSZ172,0.8
IE00BFRSZ289,0.8
IE00BFRSZ511,0.8
IE00BFRSZ628,0.8
IE00BFSS7K90,1.0
IE00BFSS7M15,1.0
IE00BFSS7W13,0.8
IE00BFSS8623,0.8
IE00BFSS8Q28,1.0
IE00BFTCP959,1.5
IE00BFTCPJ56,1.5
IE00BHC8SV77,1.5
IE00BJJMRX11,1.0
IE00BJJMRY28,1.0
IE00BJJMRZ35,1.5
IE00BJT1NW94,1.5
IE00BJVNGR98,0.7
IE00BJVNGS06,0.7
IE00BJVNGT13,0.7
IE00BJVNGV35,0.7
IE00BJVNGW42,0.7
IE00BJVNGX58,0.7
IE00BJVNGY65,0.7
IE00BJVNGZ72,0.7
IE00BJVNH100,0.6
IE00BJVNH654,0.8
IE00BJVNH761,0.8
IE00BJXT4158,0.7
IE00BJXT4265,0.7
IE00BK26DX94,1.0
IE00BK7YST97,0.13
IE00BK7YSV10,0.13
IE00BKDM8C03,0.65
IE00BKKNGZ56,0.6
IE00BKKNH416,0.6
IE00BLK24558,0.7
IE00BLTVXS96,0.65
IE00BLWF5C65,0.65
IE00BLWF5D72,0.65
IE00BLWF5L56,0.5
IE00BLWF5N70,0.65
IE00BLWF5Q02,0.65
IE00BLWF5R19,0.5
IE00BLY1N394,0.65
IE00BLY1N519,0.65
IE00BLY1N626,0.65
IE00BLY1NC86,0.65
IE00BLY1NF18,0.65
IE00BLY27S52,0.65
IE00BM67H965,0.65
IE00BM7WZP25,
IE00BM9M0223,0.25
IE00BM9M0330,0.25
IE00BM9M0447,0.18
IE00BM9M0553,0.18
IE00BM9M0660,0.13
IE00BM9M0777,0.13
IE00BMDXR423,1.0
IE00BMF1KR89,0.6
IE00BMF1KS96,0.65
IE00BMXMTS70,1.5
IE00BMXMTT87,0.8
IE00BMXMTZ48,1.5
IE00BMXMV038,1.5
IE00BMXMV145,1.5
IE00BN29S457,0.65
IE00BN29S564,1.0
IE00BN29S671,0.8
IE00BN29S788,0.8
IE00BN29S895,1.0
IE00BN29S903,0.55
IE00BN29SB22,0.7
IE00BRJ9D748,0.8
IE00BRJG6X20,1.5
IE00BRJG6Y37,0.8
IE00BRJG7840,0.8
IE00BZ76W439,0.55
IE00BZ771832,0.55
IE00BZ775C54,0.7
IE00BZ775F85,0.7
IE00BZ777T61,0.7
IE00BZ77D437,0.7
JE00B1GXH751,0.75
LU0011889846,1.2
LU0011889929,1.2
LU0011890265,1.2
LU0011890851,1.2
LU0046217351,1.2
LU0070992663,1.2
LU0088927925,1.2
LU0113993041,1.0
LU0113993397,1.0
LU0113993553,1.0
LU0113993801,1.5
LU0113993983,1.0
LU0135928025,1.5
LU0135928298,1.5
LU0135928611,1.5
LU0150924321,1.5
LU0196034317,1.0
LU0196034663,1.0
LU0196034820,1.0
LU0196035553,1.0
LU0196035983,1.0
LU0196036015,1.0
LU0200076213,1.5
LU0200076999,1.5
LU0200077294,1.5
LU0200083342,1.5
LU0201071890,1.5
LU0201073169,1.5
LU0201075453,1.5
LU0201078713,1.5
LU0209137206,1.2
LU0209137388,1.2
LU0209137628,1.0
LU0209156925,1.2
LU0209157493,1.0
LU0209157659,1.0
LU0209158467,1.2
LU0209158541,1.0
LU0210855028,1.5
LU0210856778,1.5
LU0229494629,1.2
LU0229494975,1.2
LU0229495352,1.0
LU0247695934,1.2
LU0247697476,1.2
LU0247697633,1.2
LU0247698441,1.2
LU0247699092,1.2
LU0247699415,1.2
LU0247699761,1.2
LU0247699928,1.2
LU0247700106,1.2
LU0264597450,1.2
LU0264597617,1.2
LU0264598268,1.0
LU0264598342,1.2
LU0264605907,1.2
LU0264606111,1.2
LU0264606467,1.0
LU0264606624,1.2
LU0264738294,1.2
LU0264739185,1.2
LU0277002928,1.0
LU0298310920,1.0
LU0327786744,1.2
LU0327786827,1.2
LU0327787049,1.0
LU0327787395,1.2
LU0330915165,1.0
LU0330915322,1.0
LU0451950314,0.75
LU0451950405,0.75
LU0451950587,0.75
LU0451950660,0.75
LU0451950744,0.75
LU0490769915,1.0
LU0490786174,1.5
LU0503932328,1.2
LU0503932591,1.2
LU0503932674,1.0
LU0503932831,1.2
LU0504465815,1.75
LU0506197614,1.2
LU0506197887,1.2
LU0506198265,1.0
LU0506198851,1.2
LU0506199156,1.2
LU0506199586,1.0
LU0506436111,1.75
LU0572939261,1.2
LU0572939691,1.2
LU0572940194,1.2
LU0572940350,1.2
LU0572942307,1.2
LU0572943370,1.0
LU0572944774,1.2
LU0572944931,1.2
LU0572949575,0.75
LU0572951639,1.0
LU0572952017,1.2
LU0572952280,1.2
LU0572953684,1.0
LU0572954062,1.2
LU0572961604,1.2
LU0579024422,2.0
LU0580143203,1.0
LU0593293326,0.75
LU0622223799,1.2
LU0622224094,1.2
LU0642270333,1.0
LU0642271901,1.2
LU0642272388,1.0
LU0642280134,0.75
LU0642280647,0.75
LU0642281702,0.75
LU0756065081,0.75
LU0756065164,0.75
LU0756065321,0.75
LU0756065834,0.75
LU0756066568,1.0
LU0756068184,0.75
LU0828244219,1.2
LU0828813104,1.2
LU0828813369,0.6
LU0828813526,0.6
LU0828813872,0.6
LU0828814094,0.6
LU0828815067,0.75
LU0828815224,0.75
LU0828815570,0.75
LU0828816461,0.75
LU0828817600,0.75
LU0828818087,0.75
LU0828818913,0.75
LU0828820901,0.75
LU0828821115,0.75
LU0892273995,0.6
LU0892274290,0.38
LU0892274530,0.6
LU0892274704,0.75
LU0892274969,0.6
LU0892275263,0.6
LU0892275776,1.2
LU0892276741,1.0
LU0942194779,0.6
LU0942195156,0.6
LU0942195230,0.75
LU0942195313,0.6
LU0942195586,0.6
LU0942195669,0.6
LU0953998514,1.5
LU0953998605,1.0
LU0953998860,0.65
LU0953999082,1.0
LU0966752833,0.75
LU0966752916,0.75
LU0966753138,0.75
LU0973119513,0.85
LU0973119604,0.85
LU0973119786,0.85
LU0973119869,0.75
LU0973214777,0.75
LU0976556265,0.6
LU0976556422,0.6
LU0976556695,0.6
LU0976556851,1.2
LU0976556935,1.2
LU0976557073,0.6
LU0976557156,0.6
LU0976557230,0.6
LU0978624194,0.75
LU0978624277,0.75
LU0978624350,0.75
LU0978624434,0.75
LU0989423784,0.75
LU0995107140,0.6
LU0995139184,0.9
LU0995139267,0.9
LU0995139341,0.9
LU0995139424,0.75
LU0995139697,0.75
LU0995140356,0.75
LU0995140430,1.5
LU0999457616,0.75
LU1003273924,0.85
LU1004011935,0.4
LU1005137069,0.6
LU1006566639,0.38
LU1039938227,1.2
LU1041546547,1.5
LU1041547511,1.5
LU1041547941,1.5
LU1047639791,0.7
LU1059379971,1.2
LU1068766655,0.38
LU1073139583,1.2
LU1073139666,1.0
LU1077968276,1.2
LU1086934103,1.0
LU1120392524,1.0
LU1120392797,0.6
LU1120392870,1.2
LU1120398216,1.2
LU1125349974,0.75
LU1125355518,0.65
LU1125359346,0.65
LU1125367018,0.65
LU1129860224,0.0
LU1136954127,0.6
LU1142999959,1.0
LU1161213365,0.65
LU1169991020,1.2
LU1179331720,1.2
LU1183228433,1.0
LU1196326760,0.65
LU1205757914,0.6
LU1214468123,1.0
LU1230490713,1.2
LU1259344122,1.2
LU1268005920,1.0
LU1272163806,0.38
LU1273675584,0.75
LU1276832042,1.5
LU1276832125,0.75
LU1276832398,0.75
LU1276832471,0.75
LU1276832554,0.6
LU1276832638,0.6
LU1276832711,0.6
LU1276832984,0.6
LU1276833016,0.6
LU1276833107,0.38
LU1276833289,0.38
LU1276833362,0.38
LU1276833446,0.38
LU1277655707,1.5
LU1280371284,0.75
LU1282634382,1.5
LU1291149836,1.2
LU1291885702,1.0
LU1293640501,0.6
LU1293647423,0.75
LU1301506678,1.0
LU1316542601,1.2
LU1316542783,1.2
LU1316542866,1.2
LU1316543088,1.2
LU1316543674,1.2
LU1321015403,0.75
LU1329696717,1.0
LU1354345586,1.0
LU1368736440,1.0
LU1372839644,0.75
LU1377839755,0.9
LU1377839839,1.5
LU1387767350,0.4
LU1387767517,0.7
LU1387767947,0.38
LU1387768325,0.4
LU1432398888,0.9
LU1446762467,1.0
LU1456297057,1.0
LU1487946425,0.4
LU1492019390,0.4
LU1492020059,0.38
LU1498519096,1.0
LU1508302814,0.4
LU1519019134,1.1
LU1519019563,0.85
LU1519019647,0.85
LU1519019720,0.85
LU1526027666,0.75
LU1526027823,0.75
LU1562333077,0.4
LU1572378708,1.2
LU1572379003,1.0
LU1572380191,1.2
LU1611731263,1.2
LU1618271776,0.75
LU1626188228,1.2
LU1626188814,1.0
LU1627460659,0.75
LU1627460816,0.75
LU1627461467,0.75
LU1627461624,0.75
LU1627462861,0.38
LU1627463083,0.38
LU1627463596,0.65
LU1627464305,0.65
LU1627464727,0.5
LU1627465534,0.5
LU1627466425,0.5
LU1627466771,0.5
LU1627467159,0.75
LU1627920678,0.75
LU1627921569,0.75
LU1665086226,1.0
LU1678960227,0.75
LU1678960656,0.6
LU1678960730,0.6
LU1678960813,0.6
LU1678960904,0.6
LU1678961118,0.6
LU1678961381,0.38
LU1678961548,0.6
LU1678961621,0.6
LU1678962272,0.38
LU1678962439,0.38
LU1678962512,0.38
LU1678962942,0.6
LU1678963080,0.6
LU1678963163,0.6
LU1678963247,0.6
LU1678963320,0.6
LU1678963593,0.6
LU1678963759,0.75
LU1678964138,0.6
LU1678964211,0.6
LU1678964302,0.6
LU1681824733,1.5
LU1807432866,1.2
LU1834996701,0.75
LU1834997006,0.75
LU1897414303,1.2
LU1897414485,0.75
LU1897414568,0.9
LU1897414642,0.5
LU1897415292,0.5
LU1914905846,1.0
LU1914905929,1.5
LU1963063232,1.0
LU1963063406,0.5
LU1963063828,0.5
LU1983259539,1.2
LU1983259612,0.6
LU1983259703,0.75
LU1983259885,1.2
LU1983259968,0.6
LU1983260115,1.2
LU1983260206,0.6
LU1983260388,0.75
LU1983260545,
LU1983261782,1.2
LU1983261865,0.6
LU1983261949,0.85
LU1983262087,
LU1983262830,0.45
LU1983262913,
LU1984711439,0.65
LU1984711512,1.2
LU1984711603,0.6
LU1984711785,0.75
LU1984711868,0.65
LU1984711942,0.75
LU1984712320,1.2
LU1984712593,0.6
LU1984712676,0.85
LU1984712759,1.2
LU1984713211,0.65
LU1988886211,1.2
LU1988886302,0.6
LU1988886484,0.75
LU1988887292,1.2
LU1988903081,0.75
LU1992142411,1.5
LU1992150430,1.0
LU2031319176,0.65
LU2031319259,0.6
LU2031319333,1.0
LU2031319416,0.38
LU2044158546,0.85
LU2044158629,0.3
LU2044158892,0.65
LU2046586686,0.75
LU2046586769,0.75
LU2046586843,0.75
LU2046587064,0.5
LU2051454275,0.38
LU2065174687,1.2
LU2080999225,0.5
LU2114516532,1.5
LU2114516615,1.0
LU2114516706,1.0
LU2114516888,0.65
LU2114516961,1.5
LU2114517001,1.0
LU2114517183,1.0
LU2114517266,0.65
LU2114517340,
LU2116350021,1.0
LU2116350294,0.65
LU2124902292,1.0
LU2124902615,
LU2124972667,1.5
LU2124972741,1.0
LU2124972824,0.38
LU2133172291,0.75
LU2142073621,1.0
LU2155484574,0.5
LU2155484657,
LU2155484731,
LU2155484814,0.5
LU2155484905,0.5
LU2155485209,0.5
LU2183130942,0.5
LU2183131163,0.38
LU2183131247,1.2
LU2210000647,0.75
LU2210004557,0.75
LU2210026444,0.48
LU2210027095,0.48
LU2210027335,0.48
LU2210027509,0.48
LU2210036088,0.48
LU2210151267,1.1
LU2214901006,0.85
LU2214901188,0.4
LU2214901261,0.75
LU2214901345,0.38
LU2214901428,0.75
LU2214901691,0.5
LU2214901774,1.2
LU2214901857,0.6
LU2214901931,0.75
LU2214902079,0.65
LU2214902152,
LU2226123144,1.2
LU2226123227,1.2
LU2226123490,1.2
LU2239851657,0.75
LU2248076437,1.0
LU2253109396,0.75
LU2255682606,0.38
LU2257828140,1.5
LU2260665604,1.0
LU2304361186,1.7
LU2304361343,1.2
LU2333587033,0.75
LU2342234379,0.38
LU2342234452,0.5
LU2342234536,0.75
LU2342241150,1.2
LU2342241234,0.45
LU2342241317,0.7
LU2342241408,0.85
LU2342241580,0.7
LU2342241663,1.2
LU2342241747,0.45
LU2342242042,0.85
LU2342242125,0.7
LU2342242398,1.2
LU2342242471,0.45
LU2342242554,0.65
LU2342242638,0.75
LU2342242711,0.6
LU2342242802,1.2
LU2342243016,0.65
LU2342243107,0.75
LU2342243289,0.6
LU2342243362,0.9
LU2346853257,0.75
LU2351303867,0.7
LU2352863430,1.0
LU2352863513,1.0
LU2364419890,1.7
LU2384414632,1.0
LU2394801877,1.0
LU2401547067,0.38
LU2401550368,1.2
LU2401550954,1.2
LU2401589812,1.5
LU2409249609,0.85
LU2409249781,1.5
LU2427243485,1.0
LU2427243568,1.0
LU2441282543,
LU2441282626,0.9
LU2441282899,1.2
LU2441282972,1.2
LU2441283277,0.75
LU2441562746,1.5
LU2461273364,1.2
LU2505548938,1.2
LU2512261566,0.65
LU2531796352,1.2
LU2531796436,0.6
LU2531796519,0.9
LU2531796600,0.75
LU2531796865,
LU2541417809,1.0
LU2543851237,1.0
LU2543851310,1.0
LU2543851401,1.5
LU2543851583,0.65
LU2545422458,0.5
LU2548014708,0.75
LU2548014880,0.38
LU2548014963,0.65
LU2548015002,0.36
LU2548015184,0.75
LU2548015267,0.38
LU2548015341,0.65
LU2548015424,0.36
LU2548015697,
LU2548015770,0.38
LU2548016075,
LU2553542486,1.0
LU2564094709,1.0
LU2575866004,0.65
LU2577871176,0.65
LU2581803488,
LU2581803561,
LU2581803645,
LU2581803728,0.36
LU2584107002,
LU2584112341,
LU2589257349,0.85
LU2589257422,0.85
LU2599888455,
LU2614965189,0.6
LU2637236436,0.5
LU2637236519,0.5
LU2637236782,0.6
LU2637236865,0.5
LU2645735056,0.36
LU2645735130,1.0
LU2660304283,1.2
LU2660304440,1.2
LU2660304796,0.4
LU2660304879,0.7
LU2660304952,0.6
LU2660305090,1.0
LU2660305173,1.2
LU2660305256,
LU2660381604,1.2
LU2660381786,0.4
LU2660381943,0.6
LU2687208392,0.0
LU2715956624,1.5
LU2725961234,1.5
LU2740296764,
LU2751675765,0.6
LU2760873559,
LU2780518978,
LU2804514870,
LU2826601309,
LU2832951920,
LU2832952068,
LU2832952142,
LU2858015675,
US4710211057,0.47
US4710212048,0.64
US4710213038,0.52
US4710213111,0.75
US4710213293,0.75
US4710214028,0.55
US4710214366,0.5
US4710214515,0.5
US4710215017,0.5
US4710215504,0.64
US4710215686,0.64
US4710216189,0.48
US4710216429,0.52
US4710216676,0.79
US4710216759,0.47
US4710216833,0.5
US4710216916,0.55
US4710217096,0.79
US4710217179,0.64
US4710218656,0.48
US4710232004,0.6
US4710232343,0.44
US4710232426,0.44
US4710232590,0.44
US4710232673,0.44
US4710232756,0.48
US4710232830,0.48
US4710232913,0.48
US4710233093,0.52
US4710233176,0.48
US4710233259,0.64
US4710233333,0.64
US4710233416,0.64
US4710233580,0.64
US4710234570,0.64
US4710234653,0.64
US4710234737,0.64
US4710234810,0.64
US4710234992,0.05
US4710235072,0.64
US4710235155,0.05
US4710235239,0.05
US4710235494,0.64
US4710235643,0.53
US4710235726,0.53
US4710235981,0.45
US4710236062,0.41
US4710236484,0.64
US4710236559,0.6
US4710236633,0.64
US4710236716,0.64
US4710237623,0.59
US4710238043,0.64
US4710238209,0.2
US4710238381,0.2
US4710238464,0.74
US4710238530,0.48
US4710238795,0.55
US4710238878,0.44
US47103A1043,0.05
US47103A2033,0.05
US47103A3023,0.05
US47103A4013,0.05
US47103A5002,0.05
US47103A5671,0.77
US47103A5754,0.77
US47103A5838,0.77
US47103A5911,0.77
US47103A6091,0.05
US47103A6174,0.77
US47103A6257,0.47
US47103A6331,0.47
US47103A6414,0.47
US47103A6588,0.47
US47103A6661,0.47
US47103A6745,0.47
US47103A6828,0.5
US47103A6901,0.5
US47103A7081,0.05
US47103A7164,0.5
US47103A7248,0.5
US47103A7321,0.5
US47103A8071,0.05
US47103A8568,0.05
US47103A8642,0.05
US47103A8725,0.05
US47103A8808,0.05
US47103B1026,
US47103B5084,
US47103C1678,0.53
US47103C1751,0.53
US47103C1835,0.53
US47103C1918,0.53
US47103C2171,0.53
US47103C2254,0.45
US47103C2338,0.45
US47103C2411,0.45
US47103C2585,0.45
US47103C2668,0.45
US47103C2742,0.52
US47103C2825,0.52
US47103C2908,0.52
US47103C3161,0.52
US47103C3245,0.52
US47103C3328,0.64
US47103C3401,0.64
US47103C3575,0.64
US47103C3658,0.64
US47103C3732,0.64
US47103C4490,0.74
US47103C4565,0.74
US47103C4649,0.74
US47103C4722,0.74
US47103C4805,0.74
US47103C4987,0.64
US47103C5067,0.55
US47103C5141,0.64
US47103C5224,0.64
US47103C5307,0.64
US47103C5489,0.64
US47103C5554,0.59
US47103C5638,0.59
US47103C5711,0.59
US47103C5893,0.59
US47103C5976,0.59
US47103C6057,0.55
US47103C6131,0.6
US47103C6214,0.6
US47103C6396,0.6
US47103C6479,0.6
US47103C6545,0.6
US47103C7048,0.55
US47103C7204,0.41
US47103C7386,0.41
US47103C7469,0.41
US47103C7535,0.41
US47103C7618,0.41
US47103C7790,0.64
US47103C7873,0.64
US47103C7956,0.64
US47103C8038,0.55
US47103C8111,0.64
US47103C8293,0.64
US47103C8376,0.6
US47103C8459,0.6
US47103C8525,0.6
US47103C8608,0.6
US47103C8780,0.6
US47103C8863,0.55
US47103D1081,0.55
US47103D1735,0.48
US47103D1818,0.64
US47103D1990,0.47
US47103D2071,0.6
US47103D2980,0.65
US47103D3145,0.5
US47103D3970,0.65
US47103D4051,0.64
US47103D4135,0.65
US47103D4218,0.65
US47103D4390,0.65
US47103D4473,0.65
US47103D4549,0.65
US47103D4622,0.65
US47103D4705,0.56
US47103D4887,0.56
US47103D4960,0.56
US47103D5041,0.41
US47103D5124,0.56
US47103D5207,0.56
US47103D5389,0.56
US47103D5462,0.56
US47103D6031,0.47
US47103D7286,0.53
US47103D7369,0.56
US47103D7443,0.45
US47103D7773,0.52
US47103D7856,0.64
US47103D7930,0.64
US47103D8193,0.44
US47103D8276,0.48
US47103D8359,0.74
US47103D8508,0.59
US47103D8680,0.6
US47103D8763,0.64
US47103E1221,0.5
US47103E1718,0.56
US47103E1890,0.56
US47103E1973,0.56
US47103E2054,0.55
US47103E2138,0.56
US47103E2211,0.56
US47103E2393,0.56
US47103E3045,0.6
US47103E3201,0.73
US47103E3383,0.73
US47103E3466,0.73
US47103E3532,0.73
US47103E3615,0.73
US47103E3797,0.73
US47103E3870,0.64
US47103E3953,0.64
US47103E4035,0.64
US47103E4118,0.64
US47103E4290,0.64
US47103E5024,0.41
US47103E6436,0.53
US47103E6501,0.45
US47103E6683,0.52
US47103E6766,0.64
US47103E6923,0.64
US47103E7004,0.64
US47103E7186,0.05
US47103E7269,0.05
US47103E7343,0.05
US47103E7426,0.44
US47103E7590,0.48
US47103E7756,0.74
US47103E7830,0.64
US47103E7913,0.2
US47103E8333,0.59
US47103E8416,0.6
US47103E8580,0.2
US47103E8663,0.64
US47103E8820,0.77
US47103U1007,0.3
US47103U1007,0.3
US47103U2096,0.3
US47103U2096,0.3
US47103U7467,0.49
US47103U7533,0.49
US47103U7798,0.35
US47103U7954,0.6
US47103U8119,0.55
US47103U8291,0.65
US47103U8457,0.22
US47103U8523,0.26
US47103U8861,0.23
US47103X4438,0.65
US47103X4503,0.65
US47103X4842,0.65
US47103X4925,0.65
US47103X5187,0.65
US47103X5260,0.65
US47103X5344,0.65
US47103X5591,1.0
US47103X5674,1.0
US47103X5914,1.0
US47103X6177,1.0
US47103X6250,1.0
US47103X6334,1.0
US47103X6417,1.0
US47103X6664,1.0
US47103X6748,1.0
US47103X7167,1.0
US47103X7241,1.0
US47103X7324,1.0
US47103X7407,1.0
US47103X7571,1.0
US47103X7738,0.75
US47103X7811,0.75
US47103X8231,0.75
US47103X8314,0.75
US47103X8496,0.75
US47103X8561,0.75
US47103X8645,0.75
US47103Y4742,0.0
US47103Y4825,0.6
US47103Y4908,0.6
US47103Y5160,0.6
US47103Y5327,0.75
US47103Y5400,0.75
US47103Y5574,0.75
US47103Y5657,0.75
US47103Y5731,0.75
US47103Y5814,0.75
US47103Y5996,0.75
US47103Y6150,0.75
US47103Y6234,0.77
US47103Y6317,0.64
US47103Y6499,0.73
US47103Y7711,0.52
US47103Y7893,0.52
US47103Y8214,0.52
US47103Y8396,0.52
US47103Y8479,0.52
US47103Y8545,0.52
US47103Y8628,0.52
US4710476056,
,0.52
,0.52
,0.52
,0.5
,0.52
,0.64
,1.5
,0.64
,0.64
,1.5
,0.52
,0.52
,0.5
,0.64
,0.64
,0.64
,0.64
,0.64
,0.64
,0.64
,0.64
,0.64
,0.64
,0.64
,0.64
,0.64
,0.64
,0.6
,0.64
,0.64
,0.64
,0.64
,0.64
,0.64
,0.64
,0.64
,0.41
,0.64
,0.41
,0.64
,0.41
,0.64
,0.41
,0.41
,0.41
,0.64
,0.6
,0.64
,0.6
,0.6
,0.6
,1.5
,1.5
,1.5
,1.5
,0.5
,0.5
,0.55
,0.48
,0.64
,0.52
,0.79
,0.47
,0.6
,0.6
,0.6
,0.64
,0.64
,0.47
,0.64
,0.64
,0.64
,0.53
,0.64
,0.41
,0.55
,0.55
,0.64
,0.64
,0.64
,0.64
,0.64
,0.64
,0.64
,0.64
,0.64
,0.5
,0.55
,0.55
,0.5
,0.64
,0.64
,0.64
,0.64
,0.5
,0.64
,0.64
,0.5
,0.55
,0.5
,0.64
,0.55
,0.64
,0.64
,0.64
,0.64
,0.55
,0.5
,0.79
,0.47
,0.52
,0.55
,0.52
,0.5
,0.64
,0.64
,0.64
,0.47
,0.64
,0.64
,0.79
,0.64
,0.41
,0.55
,0.64
,0.64
,0.64
,0.64
,0.64
,0.64
,0.79
,0.64
,0.64
,0.5
,0.55
,0.64
,0.55
,0.55
,0.64
,0.41
,0.55
,0.59
,0.5
,0.5
,0.5
,0.5
,0.5
,0.5
,0.5
,0.5
,0.5
,0.5
,0.5
,0.5
,0.5
,0.5
,0.5
,0.5
,0.5
,0.5
,0.5
,0.5
,0.5
,0.5
,0.5
,0.5
,0.5
,0.5
,0.5
,0.5
,0.5
,0.5
,0.5
,0.5
,0.5
,0.5
,0.5
,0.52
,0.52
,0.52
,0.52
,0.52
,0.52
,0.5
,0.52
,0.5
,0.64
,0.79
,0.5
,0.55
,0.74
,0.52
,0.5
,0.5
,0.5
,0.5
,0.5
,0.5
,0.5
,0.5
,0.5
,0.5
,0.5
,0.5
,0.5
,0.5
,0.5
,0.5
,0.5
,0.5
,0.5
,0.5
,0.5
,0.64
,0.64
,0.64
,0.64
,0.64
,0.79
,0.64
,0.55
,0.5
,0.55
,0.5
,0.64
,0.64
,0.5
,0.5
,0.55
,0.5
,0.5
,0.41
,0.41
,0.59
,0.41
,0.59
,0.59
,0.5
,0.59
,0.59
,0.59
,0.59
,0.59
,0.59
,0.59
,0.59
,0.41
,0.64
,0.5
,0.64
,0.64
,0.64
,0.64
,0.5
,0.5
,0.64
,0.5
,0.5
,0.5
,0.5
,0.5
,0.5
,0.5
,0.5
,0.64
,0.64
,0.64
,0.55
,0.5
,0.55
,0.64
,0.64
,0.5
,0.47
,0.55
,0.48
,0.64
,0.55
,0.5
,0.52
,0.79
,0.79
,0.55
,0.64
,0.64
,0.47
,0.47
,0.47
,0.47
,0.47
,0.47
,0.55
,0.55
,0.55
,0.55
,0.55
,0.55
,0.55
,0.55
,0.55
,0.55
,0.55
,0.64
,0.74
,0.64
,0.74
,0.64
,0.74
,0.47
,0.74
,0.74
,0.74
,0.74
,0.74
,0.74
,0.55
,0.74
,0.47
,0.55
,0.41
,0.74
,0.74
,0.74
,0.74
,0.55
,0.74
,0.74
,0.55
,0.55
,0.55
,0.55
,0.55
,0.55
,0.55
,0.55
,0.64
,0.74
,0.64
,0.45
,0.45
,0.41
,0.64
,0.64
,0.45
,0.74
,0.64
,0.64
,0.74
,0.64
,0.74
,0.74
,0.74
,0.64
,0.45
,0.64
,0.45
,0.65
,0.55
,0.47
,0.65
,0.55
,0.47
,0.47
,0.65
,0.47
,0.65
,0.55
,0.47
,0.65
,0.55
,0.55
,0.47
,0.55
,0.47
,0.65
,0.55
,0.47
,0.65
,0.55
,0.47
,0.65
,0.65
,0.47
,0.65
,0.55
,0.47
,0.65
,0.55
,0.55
,0.52
,0.65
,0.47
,0.47
,0.47
,0.47
,0.47
,0.47
,0.47
,0.74
,0.47
,0.45
,0.45
,0.45
,0.64
,0.45
,0.64
,0.47
,0.55
,0.74
,0.55
,0.65
,0.55
,0.47
,0.65
,0.55
,0.47
,0.45
,0.65
,0.55
,0.55
,0.64
,0.55
,0.55
,0.74
,0.52
,0.55
,0.52
,0.52
,0.48
,0.47
,0.47
,0.48
,0.47
,0.47
,0.48
,0.47
,0.47
,0.48
,0.48
,0.47
,0.48
,0.64
,0.48
,0.64
,0.48
,0.48
,0.5
,0.5
,0.5
,0.5
,0.5
,0.5
,0.47
,0.5
,0.5
,0.5
,0.64
,0.48
,0.48
,0.48
,0.5
,0.64
,0.64
,0.64
,0.47
,0.64
,0.5
,0.55
,0.79
,0.52
,0.5
,0.64
,0.47
,0.64
,0.5
,0.55
,0.79
,0.52
,0.5
,0.64
,0.64
,0.55
,0.64
,0.64
,0.64
,0.64
,0.64
,0.55
,0.52
,0.5
,0.5
,0.5
,0.47
,0.64
,0.79
,0.5
,0.55
,0.5
,0.52
,0.52
,0.64
,0.45
,0.45
,0.74
,0.74
,0.47
,0.64
,0.47
,0.64
,0.55
,0.64
,0.55
,0.55
,0.64
,0.74
,0.64
,0.64
,0.64
,0.47
,0.47
,0.47
,0.47
,0.47
,0.47
,0.64
,0.47
,0.47
,0.47
,0.47
,0.47
,0.64
,0.64
,0.47
,0.64
,0.64
,0.64
,0.64
,0.64
,0.64
,0.64
,0.64
,0.64
,0.64
,0.64
,0.5
,0.5
,0.79
,0.48
,0.55
,0.55
,0.64
,0.64
,0.64
,0.64
,0.64
,0.64
,0.64
,0.64
,0.64
,0.64
,0.64
,0.64
,0.64
,0.64
,0.64
,0.64
,0.64
,0.64
,0.64
,0.64
,0.5
,1.5
,0.55
,0.47
,0.64
,0.6
,0.64
,0.74
,0.6
,0.48
,0.74
,0.64
,0.52
,0.45
,0.55
,0.47
,0.55
,0.64
,0.64
,0.47
,0.6
,0.55
,0.64
,0.64
,0.55
,0.55
,0.45
,0.64
,0.48
,0.74
,0.74
,0.6
,0.6
,0.52
,0.45
,0.74
,0.52
,0.74
,0.6
,0.55
,0.47
,0.55
,0.45
,0.64
,0.52
,0.74
,0.48
,0.6
,0.74
,0.64
,0.6
,0.64
,0.74
,0.48
,0.64
,0.6
,0.64
,0.64
,0.48
,0.64
,0.74
,0.64
,0.55
,0.47
,0.55
,0.45
,0.52
,0.74
,0.6
,0.6
,0.6
,0.74
,0.48
,0.55
,0.55
,0.55
,0.5
,0.79
,0.48
,0.55
,0.55
,0.48
,0.79
,0.55
,0.47
,0.47
,0.79
,0.5
,0.47
,0.55
,0.55
,0.55
,0.55
,0.55
,0.55
,0.55
,0.55
,0.55
,0.55
,0.55
,0.55
,0.55
,0.55
,0.55
,0.55
,0.55
,0.64
,0.5
,0.64
,0.74
,0.64
,0.48
,0.6
,0.64
,0.74
,0.52
,0.64
,0.55
,0.47
,0.55
,0.45
,0.52
,0.64
,0.6
,0.79
,0.45
,0.64
,0.48
,0.55
,0.47
,0.47
,0.64
,0.52
,0.52
,0.52
,0.64
,0.52
,0.52
,0.64
,0.64
,0.52
,0.64
,0.55
,0.47
,0.55
,0.55
,0.64
,0.47
,0.64
,0.6
,0.6
,0.74
,0.74
,0.48
,0.64
,0.52
,0.45
,0.55
,0.55
,0.47
,0.64
,0.6
,0.64
,0.6
,0.64
,0.47
,0.55
,0.55
,0.55
,0.45
,0.64
,0.74
,0.48
,0.6
,0.74
,0.64
,0.52
,0.45
,0.52
,0.64
,0.6
,0.55
,0.64
,0.64
,0.55
,0.45
,0.47
,0.74
,0.64
,0.52
,0.64
,0.64
,0.55
,0.47
,0.6
,0.74
,0.74
,0.74
,0.48
,0.74
,0.6
,0.47
,0.74
,0.55
,0.6
,0.6
,0.64
,0.55
,0.45
,0.52
,0.64
,0.48
,0.64
,0.6
,0.74
,0.48
,0.74
,0.6
,0.6
,0.47
,0.64
,0.55
,0.74
,0.64
,0.45
,0.52
,0.64
,0.74
,0.48
,0.6
,0.55
,0.74
,0.48
,0.52
,0.45
,0.52
,0.64
,0.74
,0.48
,0.6
,0.64
,0.74
,0.6
,0.64
,0.47
,0.55
,0.55
,0.45
,0.64
,0.55
,0.64
,0.64
,0.64
,0.48
,0.74
,0.74
,0.6
,0.6
,0.52
,0.47
,0.55
,0.64
,0.55
,0.45
,0.52
,0.64
,0.64
,0.6
,0.45
,0.64
,0.47
,0.55
,0.55
,0.45
,0.52
,0.64
,0.55
,0.48
,0.6
,0.47
,0.55
,0.74
,0.6
,0.64
,0.74
,0.55
,0.55
,0.55
,0.52
,0.79
,0.47
,0.55
,0.52
,0.47
,0.79
,0.5
,0.5
,0.5
,0.5
,0.5
,0.5
,0.5
,0.5
,0.5
,0.5
,0.5
,0.5
,0.5
,0.5
,0.5
,0.5
,0.55
,0.5
,0.5
,0.5
,0.5
,0.5
,0.5
,0.5
,0.5
,0.5
,0.55
,0.47
,0.5
,0.55
,0.5
,0.55
,0.5
,0.55
,0.74
,0.5
,0.5
,0.5
,0.64
,0.64
,0.64
,0.64
,0.5
,0.5
,0.48
,0.64
,0.5
,0.55
,0.5
,0.55
,0.55
,0.5
,0.79
,0.79
,0.79
,0.64
,0.79
,0.64
,0.64
,0.5
,0.64
,0.5
,0.5
,0.5
,0.45
,0.41
,0.64
,0.45
,0.64
,0.41
,0.41
,0.53
,0.64
,0.41
,0.45
,0.64
,0.41
,0.41
,0.45
,0.45
,0.64
,0.53
,1.25
,1.5
,1.15
,1.25
,1.0
,1.5
,0.45
,1.5
,1.5
,1.5
,0.53
,0.53
,0.53
,0.53
,1.5
,0.64
,0.64
,0.64
,0.64
,0.64
,0.64
,0.64
,0.52
,0.52
,0.48
,0.64
,0.52
,0.64
,0.64
,0.52
,0.64
,0.5
,0.52
,0.64
,1.5
,0.5
,0.48
,0.48
,1.5
,1.5
,1.5
,1.125
,0.5
,0.5
,0.75
,0.75
,0.5
,0.5
,0.5
,0.5
,0.5
,0.64
,0.5
,0.5
,0.5
,0.5
,0.5
,0.5
,0.5
,0.55
,0.5
,0.55
,0.55
,0.55
,0.55
,0.47
,0.5
,0.47
,0.55
,0.5
,0.5
,0.5
,0.5
,0.5
,0.48
,0.5
,0.5
,0.5
,0.5
,0.5
,0.5
,0.5
,0.5
,0.5
,0.5
,0.5
,0.5
,0.5
,0.47
,0.47
,0.55
,0.55
,0.64
,0.52
,0.52
,0.64
,0.55
,0.64
,0.55
,0.47
,0.79
,0.52
,0.55
,0.55
,0.52
,0.5
,0.55
,0.55
,0.5
,0.47
,0.5
,0.47
,0.5
,0.48
,0.55
,0.64
,0.79
,0.64
,0.79
,0.64
,0.79
,0.64
,0.64
,0.5
,0.5
,0.5
,0.48
,0.48
,0.48
,0.48
,0.48
,0.48
,0.79
,0.48
,0.48
,0.48
,0.48
,0.48
,0.48
,0.48
,0.48
,0.48
,0.64
,0.5
,0.79
,0.55
,0.5
,0.79
,0.5
,0.55
,0.47
,0.52
,0.64
,0.79
,0.5
,0.48
,0.47
,0.64
,0.64
,0.5
,0.48
,0.48
,0.47
,0.5
,0.5
,0.5
,0.5
,0.5
,0.45
,0.5
,0.5
,0.5
,0.5
,0.5
,0.5
,0.5
,0.5
,0.48
,0.64
,0.48
,0.48
,0.48
,0.48
,0.48
,0.48
,0.48
,0.48
,0.48
,0.48
,0.48
,0.48
,0.48
,0.48
,0.48
,0.48
,0.55
,0.52
,0.47
,0.64
,0.55
,0.48
,0.79
,0.5
,0.55
,0.64
,0.48
,0.79
,0.55
,0.48
,0.5
,0.79
,0.64
,0.75
,0.75
,0.55
,0.55
,0.64
,0.75
,0.75
,0.6
,0.5
,0.5
,0.55
,0.52
,0.64
,0.48
,0.79
,0.75
,0.55
,0.64
,0.64
,0.5
,0.79
,0.55
,0.64
,0.5
,0.79
,0.64
,0.48
,0.48
,0.5
,0.75
,0.75
,0.75
,0.75
,0.75
,0.75
,0.55
,0.55
,0.79
,0.48
,0.48
,0.55
,0.75
,0.75
,0.75
,0.75
,0.55
,0.79
,0.55
,0.64
,0.5
,0.64
,0.5
,0.79
,0.48
,0.5
,0.48
,0.64
,0.75
,0.75
,0.75
,0.75
,0.75
,0.75
,0.75
,0.75
,0.55
,0.75
,0.75
,0.75
,0.75
,0.75
,0.79
,0.75
,0.75
,0.75
,0.75
,0.75
,0.75
,0.75
,0.75
,0.79
,0.75
,0.75
,0.79
,0.75
,0.75
,0.75
,0.75
,0.75
,0.75
,0.75
,0.75
,0.75
,0.79
,0.75
,0.79
,0.75
,0.79
,0.48
,0.75
,0.5
,0.5
,0.64
,0.79
,0.64
,0.48
,0.79
,0.55
,0.75
,0.79
,0.79
,0.75
,0.75
,0.75
,0.75
,0.75
,0.75
,0.75
,0.75
,0.75
,0.75
,0.75
,0.75
,0.79
,0.75
,0.55
,0.75
,0.75
,0.75
,1.5
,1.25
,1.5
,1.5
,1.5
,1.25
,1.5
,1.5
,0.7
,1.5
,1.25
,1.5
,1.5
,1.5
,1.5
,1.15
,1.5
,1.5
,1.5
,1.5
,1.5
,0.5
,1.5
,1.5
,1.5
,1.15
,1.5
,1.5
,1.5
,0.5
,1.5
,1.5
,1.5
,0.95
,1.5
,1.5
,1.5
,1.25
,1.5
,0.95
,1.5
,1.5
,1.15
,0.55
,0.77
,0.77
,0.55
,0.55
,0.55
,0.55
,1.5
,1.5
,1.5
,1.15
,1.5
,1.15
,1.5
,0.5
,0.7
,1.125
,1.5
,1.5
,1.5
,1.5
,1.5
,1.15
,1.5
,0.5
,0.55
,0.5
,0.64
,0.75
,0.64
,0.48
,0.55
,0.75
,0.75
,0.79
,0.75
,0.75
,0.52
,0.59
,0.55
,0.64
,0.79
,0.75
,0.48
,0.48
,0.55
,0.75
,0.75
,0.75
,0.75
,0.75
,0.75
,0.75
,0.75
,0.75
,0.75
,0.75
,0.5
,0.79
,0.64
,0.75
,0.75
,0.75
,0.75
,0.64
,0.52
,0.55
,0.47
,0.5
,0.5
,0.52
,0.55
,0.64
,0.64
,0.5
,0.55
,1.125
,0.5
,0.48
,0.48
,0.64
,0.64
,0.55
,0.64
,0.79
,0.55
,0.64
,0.79
,0.74
,0.48
,0.48
,0.55
,0.75
,0.64
,0.79
,0.55
,0.75
,0.55
,0.79
,0.79
,0.64
,0.52
,0.64
,0.64
,0.64
,
,
,0.64
,0.64
,
,
,0.52
,0.64
,0.52
,0.64
,0.64
,0.64
,0.52
,0.52
,0.64
,0.52
,0.52
,0.52
,0.52
,0.52
,0.64
,0.64
,0.52
,0.52
,0.52
,0.52
,0.64
,0.52
,0.52
,0.64
,0.52
,0.52
,
,0.64
,
,
,0.64
,0.64
,0.52
,0.52
,0.52
,0.64
,0.64
,0.52
,0.64
,0.52
,0.64
,0.64
,0.64
,0.64
,0.52
,0.64
,0.52
,0.64
,0.52
,0.52
,0.52
,0.64
,0.64
,0.52
,0.64
,0.52
,0.52
,0.55
,0.52
,0.64
,
,
,
,
,
,
,
,
,
,
,
,
,
,
,
,
,
,
,
,
,
,
,
,
,
,
,
,
,
,
,
,
,
,0.52
,
,
,0.48
,0.48
,0.48
,0.48
,0.52
,0.55
,
,0.64
,0.64
,0.55
,0.75
,0.52
,0.55
,0.64
,0.52
,
,
,
,
,
,
,
,
,
,
,
,
,
,
,
,
,
,
,0.75
,0.48
,0.52
,0.74
,0.74
,0.74
,0.74
,0.74
,0.74
,0.74
,0.74
,0.74
,0.74
,0.74
,0.74
,0.74
,0.74
,0.74
,0.74
,0.74
,0.74
,0.74
,0.74
,0.74
,0.74
,0.74
,0.74
,0.74
,0.74
,0.74
,0.74
,0.74
,0.74
,0.74
,0.74
,0.74
,0.74
,0.74
,0.74
,0.74
,0.59
,0.65
,0.75
,0.75
,0.74
,0.75
,0.75
,0.75
,0.75
,0.75
,0.75
,0.75
,0.75
,0.74
,0.74
,0.74
,0.74
,0.74
,0.74
,0.74
,0.74
,0.74
,0.74
,0.74
,0.74
,0.74
,0.74
,0.74
,0.74
,0.74
,0.74
,0.74
,0.74
,0.74
,0.64
,0.45
,0.56
,0.5
,0.55
,0.5
,0.64
,0.55
,0.55
,0.79
,0.64
,0.64
,0.48
,0.55
,0.55
,0.79
,0.64
,0.65
,0.64
,0.64
,0.64
,0.79
,0.64
,0.52
,0.55
,0.52
,0.52
,0.64
,0.52
,0.53
,0.64
,0.52
,0.64
,0.52
,0.79
,0.6
,0.5
,0.55
,0.5
,0.52
,0.52
,0.52
,0.55
,0.52
,0.55
,0.74
,0.74
,0.74
,0.74
,0.74
,0.64
,0.79
,0.5
,0.64
,0.5
,0.47
,0.55
,0.55
,0.55
,0.55
,0.55
,0.55
,0.55
,0.55
,0.55
,0.55
,0.55
,0.55
,0.55
,0.55
,0.55
,0.77
,0.64
,0.64
,0.64
,0.64
,0.64
,0.64
,0.64
,0.64
,0.64
,0.64
,0.64
,0.64
,0.64
,0.64
,0.64
,0.64
,0.64
,0.64
,0.64
,0.64
,0.64
,0.64
,0.64
,0.64
,0.64
,0.64
,0.64
,0.64
,0.64
,0.64
,0.64
,0.64
,0.64
,0.64
,0.64
,0.64
,0.52
,0.5
,0.5
,0.55
,0.64
,0.55
,0.64
,0.55
,0.45
,0.74
,0.64
,0.64
,0.64
,0.55
,0.64
,0.55
,0.55
,0.64
,0.64
,0.64
,0.64
,0.64
,0.64
,0.55
,0.64
,0.64
,0.64
,0.64
,0.64
,0.64
,0.64
,0.64
,0.64
,0.64
,0.64
,0.5
,0.5
,0.47
,0.55
,0.47
,0.5
,0.5
,0.55
,0.64
,0.55
,0.64
,0.47
,0.55
,0.5
,0.64
,0.64
,0.79
,0.48
,0.53
,0.52
,0.52
,0.65
,0.52
,0.64
,0.55
,0.52
,0.64
,0.5
,0.79
,0.5
,0.48
,0.55
,0.64
,0.64
,0.64
,0.55
,0.56
,0.64
,0.64
,0.64
,0.64
,0.64
,0.64
,0.64
,0.64
,0.64
,0.64
,0.64
,0.64
,0.64
,0.64
,0.5
,0.52
,0.41
,0.52
,
,0.52
,
,0.41
,0.41
,0.64
,0.41
,0.41
,0.41
,0.47
,0.64
,0.64
,0.45
,0.41
,0.64
,0.64
,0.64
,0.45
,0.47
,0.45
,0.64
,0.64
,0.55
,0.64
,0.55
,0.64
,0.45
,0.64
,0.47
,0.45
,0.41
,0.55
,0.47
,0.47
,0.55
,0.55
,0.64
,0.64
,0.55
,0.64
,0.55
,0.55
,0.45
,0.64
,0.47
,0.45
,0.64
,0.45
,0.64
,0.55
,0.74
,0.55
,0.64
,0.55
,0.47
,0.65
,0.55
,0.47
,0.64
,0.65
,0.47
,0.65
,0.55
,0.47
,0.65
,0.55
,0.55
,0.55
,0.64
,0.47
,0.64
,0.74
,0.55
,0.64
,0.55
,0.64
,0.47
,0.55
,0.5
,0.64
,0.65
,0.65
,0.65
,0.74
,0.64
,0.55
,0.55
,0.55
,0.48
,0.64
,0.64
,0.59
,0.05
,0.55
,0.47
,0.5
,0.52
,0.55
,0.55
,0.55
,0.55
,0.55
,0.64
,0.55
,0.53
,0.55
,0.64
,0.64
,0.64
,0.64
,0.64
,0.64
,0.55
,0.64
,0.64
,0.64
,0.64
,0.64
,0.64
,0.55
,0.64
,0.64
,0.55
,0.55
,0.55
,0.55
,0.55
,0.55
,0.55
,0.55
,0.55
,0.55
,0.55
,0.55
,0.55
,0.55
,0.55
,0.55
,0.55
,0.55
,0.55
,0.55
,0.55
,0.55
,0.55
,0.55
,0.55
,0.55
,0.55
,0.55
,0.55
,0.55
,0.55
,0.55
,0.55
,0.55
,0.55
,0.64
,0.64
,0.64
,0.79
,0.5
,0.79
,0.79
,0.64
,0.64
,0.79
,0.64
,0.79
,0.55
,0.47
,0.5
,0.64
,0.5
,0.48
,0.64
,0.55
,0.55
,0.64
,0.79
,0.52
,0.5
,0.48
,0.52
,0.64
,0.5
,0.55
,0.5
,0.64
,0.64
,0.55
,0.64
,0.5
,0.55
,0.47
,0.47
,0.5
,0.47
,0.64
,0.5
,0.64
,0.55
,0.5
,0.64
,0.64
,0.64
,0.64
,0.5
,0.55
,0.64
,0.55
,0.48
,0.65
,0.5
,0.48
,0.64
,0.79
,0.52
,0.5
,0.64
,0.55
,0.5
,0.48
,0.64
,0.79
,0.65
,0.65
,0.47
,0.55
,0.5
,0.47
,0.55
,0.55
,0.55
,0.55
,0.55
,0.55
,0.55
,0.55
,0.55
,0.55
,0.55
,0.55
,0.55
,0.55
,0.55
,0.55
,0.55
,0.55
,0.77
,0.77
,0.77
,0.77
,0.77
,0.79
,0.55
,0.5
,0.55
,0.5
,0.47
,0.55
,0.55
,0.55
,0.64
,0.77
,0.55
,0.55
,0.64
,0.45
,0.64
,0.64
,0.65
,0.64
,0.55
,0.47
,0.55
,0.64
,0.64
,0.55
,0.45
,0.64
,0.55
,0.55
,0.5
,0.5
,0.55
,0.55
,0.55
,0.55
,0.55
,0.55
,0.55
,0.55
,0.55
,0.5
,0.5
,0.79
,0.48
,0.55
,0.55
,0.64
,0.47
,0.52
,0.47
,0.47
,1.0
,0.47
,0.64
,0.45
,0.64
,0.64
,0.74
,0.64
,0.41
,0.55
,0.48
,0.64
,0.53
,0.64
,0.52
,0.65
,0.64
,0.64
,0.64
,0.64
,0.64
,0.64
,0.05
,0.64
,0.64
,0.64
,0.64
,0.64
,0.64
,0.64
,0.64
,0.64
,0.65
,0.64
,0.64
,0.64
,0.55
,0.55
,0.55
,0.55
,0.45
,0.47
,0.41
,0.41
,0.41
,0.64
,0.64
,0.64
,0.64
,0.56
,0.45
,0.45
,0.64
,0.48
,0.47
,0.53
,0.45
,0.64
,0.45
,0.74
,0.41
,0.64
,0.74
,0.74
,0.74
,0.64
,0.55
,0.65
,0.64
,0.45
,0.64
,0.79
,0.48
,0.79
,0.48
,0.64
,0.5
,0.5
,0.48
,0.64
,0.5
,0.79
,0.64
,0.5
,0.79
,0.48
,0.64
,0.79
,0.64
,0.53
,0.53
,0.47
,0.53
,0.47
,0.48
,0.53
,0.47
,0.47
,0.55
,0.55
,0.55
,0.5
,0.55
,0.52
,0.52
,0.6
,0.55
,0.55
,0.64
,0.64
,0.55
,0.64
,0.55
,0.48
,0.64
,0.64
,0.5
,0.47
,0.55
,0.64
,0.64
,0.56
,0.55
,0.47
,0.56
,0.64
,0.64
,0.52
,0.48
,0.5
,0.47
,0.64
,0.53
,0.53
,0.53
,0.53
,0.47
,0.47
,0.55
,0.74
,0.5
,0.47
,0.79
,0.55
,0.79
,0.55
,0.64
,0.48
,0.48
,0.64
,0.79
,0.52
,0.47
,0.55
,0.55
,0.52
,0.52
,0.79
,0.64
,0.52
,0.64
,0.64
,0.52
,0.55
,0.52
,0.5
,0.79
,0.52
,0.48
,0.79
,0.48
,0.52
,0.79
,0.64
,0.79
,0.52
,0.48
,0.79
,0.79
,0.52
,0.55
,0.47
,0.79
,0.79
,0.48
,0.47
,0.52
,0.48
,0.48
,0.48
,0.79
,0.55
,0.55
,0.48
,0.55
,0.55
,0.48
,0.55
,0.79
,0.79
,0.64
,0.55
,0.55
,0.64
,0.64
,0.48
,0.79
,0.47
,0.48
,0.79
,0.52
,0.64
,0.64
,0.48
,0.52
,0.55
,0.64
,0.55
,0.52
,0.5
,0.47
,0.79
,0.64
,0.55
,0.52
,0.47
,0.79
,0.55
,0.52
,0.79
,0.64
,0.55
,0.64
,0.52
,0.64
,0.5
,0.55
,0.52
,0.52
,0.55
,0.5
,0.5
,0.79
,0.52
,0.64
,0.47
,0.64
,0.47
,0.79
,0.64
,0.48
,0.5
,0.48
,0.55
,0.5
,0.55
,0.55
,0.5
,0.55
,0.55
,0.52
,0.79
,0.5
,0.64
,0.48
,0.52
,0.5
,0.64
,0.52
,0.64
,0.52
,0.64
,0.79
,0.5
,0.64
,0.55
,0.64
,0.79
,0.5
,0.55
,0.52
,0.64
,0.52
,0.52
,0.79
,0.55
,0.55
,0.79
,0.48
,0.79
,0.48
,0.79
,0.48
,0.48
,0.79
,0.79
,0.79
,0.79
,0.64
,0.55
,0.48
,0.48
,0.55
,0.64
,0.55
,0.64
,0.52
,0.79
,0.48
,0.64
,0.79
,0.55
,0.55
,0.55
,0.48
,0.55
,0.79
,0.64
,0.48
,0.52
,0.48
,0.79
,0.64
,0.79
,0.79
,0.47
,0.48
,0.55
,0.64
,0.79
,0.52
,0.55
,0.48
,0.79
,0.64
,0.64
,0.52
,0.55
,0.52
,0.64
,0.64
,0.55
,0.48
,0.48
,0.48
,0.79
,0.52
,0.55
,0.64
,0.79
,0.52
,0.48
,0.64
,0.79
,0.48
,0.64
,0.55
,0.64
,0.55
,0.5
,0.5
,0.5
,0.5
,0.64
,0.55
,0.79
,0.55
,0.55
,0.55
,0.55
,0.64
,0.52
,0.55
,0.55
,0.55
,0.64
,0.55
,0.55
,0.48
,0.64
,0.48
,0.48
,0.55
,0.79
,0.79
,0.48
,0.64
,0.48
,0.52
,0.52
,0.64
,0.55
,0.55
,0.52
,0.64
,0.52
,0.55
,0.55
,0.55
,0.52
,0.64
,0.64
,0.47
,0.47
,0.47
,0.47
,0.79
,0.48
,0.52
,0.64
,0.52
,0.55
,0.55
,0.55
,0.47
,0.47
,0.79
,0.79
,0.64
,0.79
,0.79
,0.79
,0.64
,0.48
,0.55
,0.79
,0.79
,0.47
,0.55
,0.48
,0.79
,0.48
,0.55
,0.52
,0.64
,0.55
,0.47
,0.48
,0.64
,0.52
,0.47
,0.55
,0.64
,0.79
,0.64
,0.64
,0.79
,0.52
,0.79
,0.52
,0.52
,0.52
,0.48
,0.79
,0.52
,0.48
,0.79
,0.48
,0.55
,0.52
,0.52
,0.52
,0.55
,0.52
,0.52
,0.47
,0.48
,0.48
,0.79
,0.64
,0.79
,0.64
,0.52
,0.52
,0.52
,0.52
,0.52
,0.52
,0.47
,0.79
,0.52
,0.79
,0.64
,0.55
,0.5
,0.48
,0.55
,0.52
,0.79
,0.47
,0.79
,0.5
,0.55
,0.52
,0.64
,0.55
,0.52
,0.64
,0.48
,0.79
,0.52
,0.52
,0.55
,0.64
,0.48
,0.55
,0.48
,0.52
,0.5
,0.52
,0.55
,0.5
,0.47
,0.79
,0.48
,0.55
,0.48
,0.79
,0.48
,0.64
,0.48
,0.48
,0.48
,0.48
,0.48
,0.79
,0.47
,0.48
,0.79
,0.48
,0.55
,0.52
,0.52
,0.5
,0.55
,0.47
,0.48
,0.48
,0.64
,0.64
,0.79
,0.5
,0.79
,0.5
,0.64
,0.52
,0.64
,0.47
,0.47
,0.47
,0.47
,0.47
,0.52
,0.55
,0.52
,0.55
,0.79
,0.48
,0.55
,0.64
,0.79
,0.64
,0.52
,0.64
,0.79
,0.64
,0.64
,0.79
,0.64
,0.52
,0.79
,0.55
,0.55
,0.48
,0.55
,0.64
,0.47
,0.64
,0.52
,0.79
,0.64
,0.64
,0.47
,0.79
,0.64
,0.52
,0.64
,0.52
,0.55
,0.64
,0.55
,0.55
,0.52
,0.48
,0.5
,0.55
,0.52
,0.64
,0.64
,0.47
,0.64
,0.79
,0.48
,0.52
,0.55
,0.64
,0.48
,0.55
,0.52
,0.64
,0.55
,0.52
,0.64
,0.64
,0.5
,0.55
,0.47
,0.52
,0.5
,0.55
,0.52
,0.64
,0.5
,0.55
,0.64
,0.47
,0.64
,0.52
,0.64
,0.52
,0.79
,0.47
,0.55
,0.55
,0.5
,0.52
,0.64
,0.47
,0.55
,0.52
,0.55
,0.64
,0.5
,0.52
,0.64
,0.64
,0.64
,0.52
,0.64
,0.47
,0.79
,0.48
,0.52
,0.52
,0.52
,0.64
,0.52
,0.52
,0.47
,0.79
,0.64
,0.5
,0.55
,0.52
,0.5
,0.55
,0.52
,0.48
,0.5
,0.64
,0.52
,0.79
,0.52
,0.52
,0.5
,0.64
,0.79
,0.64
,0.64
,0.52
,0.55
,0.52
,0.52
,0.64
,0.55
,0.52
,0.64
,0.55
,0.55
,0.52
,0.55
,0.52
,0.64
,0.55
,0.52
,0.55
,0.64
,0.52
,0.64
,0.55
,0.52
,0.48
,0.79
,0.48
,0.79
,0.48
,0.52
,0.79
,0.55
,0.52
,0.64
,0.55
,0.52
,0.64
,0.64
,0.79
,0.79
,0.79
,0.48
,0.48
,0.47
,0.79
,0.48
,0.55
,0.48
,0.47
,0.79
,0.47
,0.47
,0.79
,0.52
,0.52
,0.52
,0.48
,0.47
,0.64
,0.48
,0.79
,0.79
,0.48
,0.79
,0.55
,0.52
,0.52
,0.52
,0.79
,0.55
,0.52
,0.79
,0.47
,0.48
,0.48
,0.64
,0.79
,0.64
,0.79
,0.47
,0.64
,0.55
,0.55
,0.64
,0.47
,0.48
,0.55
,0.47
,0.48
,0.79
,0.64
,0.64
,0.55
,0.52
,0.52
,0.52
,0.79
,0.48
,0.52
,0.55
,0.64
,0.64
,0.5
,0.64
,0.64
,0.79
,0.64
,0.79
,0.52
,0.52
,0.47
,0.55
,0.79
,0.52
,0.64
,0.64
,0.79
,0.48
,0.47
,0.52
,0.55
,0.52
,0.52
,0.48
,0.79
,0.47
,0.79
,0.79
,0.52
,0.79
,0.64
,0.52
,0.52
,0.52
,0.55
,0.48
,0.55
,0.79
,0.79
,0.64
,0.52
,0.47
,0.52
,0.52
,0.52
,0.48
,0.52
,0.52
,0.48
,0.64
,0.64
,0.64
,0.64
,0.48
,0.64
,0.64
,0.52
,0.47
,0.5
,0.52
,0.47
,0.47
,0.64
,0.48
,0.48
,0.52
,0.79
,0.64
,
Summary Statistics,
Eightieth Percentile,0.5
Sixtieth Percentile,0.55
Fortieth Percentile,0.64
Twentieth Percentile,0.85
Sum,3494.3450000000203
Average,0.7187052653229166
Count,4862.0
Maximum,2.0
Minimum,0.0
Median,0.64
Standard Deviation,0.32021561878029264
